"poddany	c	0	-1	-1	-4.6"
"przewraĹĽliwiony	m	1	1	-2	-3.6"
"cudzoziemiec	c	0	0	0	-2.6"
"przekonywaÄ‡	m	1	1	0	-1.8"
"skrupuĹ‚	c	1	1	1	-3.0"
"klatka	c	0	1	0	-3.5"
"piÄ™knoĹ›Ä‡	c	0	-1	0	-0.6"
"osiÄ…gnÄ…Ä‡	c	0	0	0	3.3"
"umiÄ™Ĺ›niony	m	1	-1	-1	-1.0"
"telewizor	c	0	-1	1	-0.5"
"ciÄ…gnÄ…Ä‡	c	1	1	0	-2.0"
"przeraziÄ‡	c	1	1	0	-2.0"
"ciemnobrÄ…zowy	m	0	0	0	-1.0"
"moĹĽny	c	1	-1	1	-2.0"
"ogoliÄ‡	c	1	-1	0	0.5"
"dochodowy	m	0	-1	0	-1.5"
"piosenka	c	1	1	0	4.9"
"rzÄ…d	c	0	0	-1	-2.2"
"towarzystwo	c	0	0	0	3.2"
"opcja	c	0	1	0	0.4"
"szklarnia	c	0	-1	1	-0.0"
"delikatny	m	1	1	-1	-1.9"
"oznaczaÄ‡	c	1	1	2	-2.5"
"nieobliczalny	c	0	0	1	1.5"
"omylny	c	1	1	-2	-1.0"
"przebiÄ‡	c	1	-1	2	-2.2"
"wiedza	c	0	1	0	2.6"
"niewystarczajÄ…cy	c	0	0	-1	-3.6"
"pracownik	c	0	1	-1	1.3"
"zwrot	c	0	0	0	-4.4"
"satysfakcja	c	1	1	0	2.9"
"zdziwiÄ‡	c	1	1	0	3.3"
"pĹ‚yn	c	0	0	0	-7.0"
"precyzyjnie	m	1	1	1	-1.5"
"ruchliwy	m	1	1	1	-6.0"
"sklepik	c	0	1	0	-2.0"
"stowarzyszyÄ‡	c	1	1	0	-1.0"
"miasto	c	0	0	0	7.1"
"korupcja	c	0	-1	0	-1.6"
"odtĹ‚uszczaÄ‡	c	1	-1	0	-1.0"
"pierĹ›	c	1	-1	-1	-2.5"
"nieciekawy	c	1	-1	-2	1.0"
"zadanie	c	0	1	1	-1.6"
"prawdopodobny	m	1	-1	0	-2.6"
"caĹ‚kowicie	m	0	1	0	3.6"
"nisko	m	0	0	0	-2.3"
"upolityczniÄ‡	c	0	1	0	-1.0"
"perfidnie	m	1	-1	-2	-1.0"
"niezapomniany	c	1	1	1	4.1"
"stromy	m	1	1	0	-2.6"
"polsat	c	1	1	0	-1.0"
"oczywisty	m	0	0	0	-6.1"
"wliczaÄ‡	c	0	0	0	-1.0"
"dobrany	m	0	1	0	-0.8"
"cudowny	m	1	1	0	4.7"
"wiosna	c	0	0	0	3.5"
"refren	c	0	0	0	-1.0"
"wyrzucaÄ‡	c	1	-1	0	-4.4"
"miejscowy	c	1	1	1	-1.9"
"cios	c	1	-1	-1	-11.4"
"pentagram	c	1	0	-1	-0.0"
"prezent	c	1	1	0	2.3"
"sĹ‚ony	m	1	-1	0	-6.0"
"miliard	c	0	1	0	-5.6"
"niesĹ‚ychanie	c	0	0	0	-4.2"
"urwany	m	0	0	0	-1.0"
"wygodny	m	1	1	1	6.3"
"wykrywalny	m	0	0	0	-1.0"
"chwilowy	c	1	1	0	-1.5"
"dmowski	c	1	1	0	-1.0"
"przyjazny	m	1	1	1	2.5"
"oparty	m	1	1	0	-1.0"
"wpadka	c	0	-1	-1	-5.5"
"tajemnica	c	1	1	1	0.5"
"poszukiwaÄ‡	c	0	1	1	3.6"
"zatrudniaÄ‡	c	0	1	1	-3.0"
"naukowy	c	1	1	2	4.5"
"forsa	c	1	-1	0	-2.8"
"radykalny	m	1	1	1	-5.7"
"ksiÄ™ga	c	0	0	0	2.5"
"regulowaÄ‡	c	0	1	0	-8.1"
"wyciÄ…gnÄ…Ä‡	c	1	-1	-1	-3.2"
"iloĹ›ciowo	m	0	-1	0	-1.0"
"sterowaÄ‡	c	1	1	1	-1.8"
"otworzyÄ‡	c	1	1	0	3.8"
"mĹ‚ody	m	1	1	1	6.2"
"zieleĹ„	c	1	-1	-1	5.2"
"spodnie	c	0	0	0	-0.6"
"pretensja	c	1	-1	0	-1.9"
"trzykrotny	m	0	0	0	-3.6"
"grzelak	c	1	1	0	-1.0"
"wyĹ‚Ä…cznie	m	0	0	0	5.0"
"zjebaÄ‡	c	1	-1	0	-1.0"
"ukrywaÄ‡	c	1	-1	-1	1.6"
"jedwabisty	m	1	1	1	-1.0"
"zniszczalny	m	1	-1	-1	-1.0"
"regularny	m	0	1	-1	-4.0"
"rozwiÄ…zaÄ‡	c	0	0	0	-1.8"
"woda	c	1	-1	1	4.5"
"merytorycznie	m	1	1	0	-1.0"
"Ĺ›miesznie	m	1	1	-1	-0.5"
"intensywnie	m	1	1	0	-9.1"
"zastrzec	c	0	0	0	-1.0"
"deszcz	c	0	-1	-1	0.9"
"sklep	c	0	0	0	4.3"
"prostolinijny	m	1	-1	-1	-1.0"
"kumaty	m	1	1	0	-1.0"
"zobaczyÄ‡	c	1	-1	1	5.1"
"miesiÄ…c	c	1	1	0	4.6"
"odĹ›wieĹĽyÄ‡	c	1	0	-1	0.5"
"przeszĹ‚oĹ›Ä‡	c	0	1	0	-0.1"
"ciasny	m	0	1	-1	-1.0"
"forum	c	0	1	0	-0.2"
"wspĂłĹ‚udziaĹ‚	c	1	-1	0	-1.0"
"ostatnio	c	0	0	0	2.2"
"dĹ‚uuugi	m	1	1	0	-1.0"
"kilkakrotnie	c	0	0	0	-4.0"
"trafny	m	1	1	1	-1.6"
"dziewczÄ™cy	m	1	1	0	-1.0"
"czyniÄ‡	c	0	1	1	4.9"
"serce	c	1	1	0	4.2"
"znaczny	m	0	1	-1	-2.4"
"dziewczÄ™co	m	1	1	2	-1.0"
"romantycznie	m	1	-1	-1	-1.0"
"Ĺ‚aciĹ„ski	c	0	1	1	-0.6"
"przyszĹ‚oĹ›Ä‡	c	0	0	0	2.6"
"zaĹ‚oĹĽenie	c	1	1	0	-1.1"
"okrutnie	m	1	-1	-2	-3.6"
"naleĹĽyty	c	0	-1	0	1.1"
"swĂłj	m	0	1	0	6.2"
"opakowanie	c	0	1	0	0.3"
"intuicyjny	m	1	1	0	1.5"
"kupujÄ…cy	c	0	0	0	-0.0"
"pompatyczny	m	1	-1	-1	-1.0"
"interakcja	c	0	0	0	-3.0"
"ograniczony	c	1	0	0	-5.2"
"liryczny	m	1	1	0	-0.8"
"przepyszny	m	1	1	0	-1.0"
"niewykonalny	c	1	-1	-1	-1.0"
"medium	c	1	1	-2	1.1"
"terapia	c	1	1	-2	-9.0"
"godzina	c	0	0	0	-0.5"
"sauna	c	1	1	0	-1.0"
"klasyka	c	0	-1	0	0.5"
"znak	c	0	1	0	2.5"
"bezinteresowny	m	1	1	0	8.4"
"wejĹ›Ä‡	c	0	0	0	0.2"
"maszyna	c	0	-1	0	-1.8"
"polakoĹĽerca	c	1	1	-1	-1.0"
"natchniony	m	1	1	1	-0.5"
"burza	c	0	1	0	-2.4"
"powiÄ™kszyÄ‡	c	0	1	0	-1.0"
"tchĂłrzliwy	m	1	-1	-1	-3.0"
"poradnik	c	0	0	0	-2.6"
"ponur	m	1	1	0	-3.0"
"dodatkowy	c	0	1	0	-3.6"
"kretyn	c	1	1	0	-2.0"
"czĹ‚onek	c	1	-1	-2	-1.3"
"kontent	c	1	1	0	-1.0"
"wart	m	0	-1	0	1.6"
"ujÄ…Ä‡	c	1	1	0	-0.2"
"rĂłwny	m	0	-1	0	2.0"
"logiczny	c	1	1	0	-1.6"
"Ĺ‚atwa	c	1	1	0	-1.0"
"berlin	c	1	1	0	-1.0"
"wysypka	c	1	-1	0	-4.6"
"nigdy	m	0	0	0	4.0"
"dodatkowo	c	0	0	0	-4.6"
"europocentryczny	m	0	0	0	-1.0"
"Ĺ›cisnÄ…Ä‡	c	1	-1	-1	-4.5"
"lustrzanka	c	0	1	0	-1.0"
"dziewczyna	c	1	-1	-2	3.2"
"temat	c	1	0	2	3.7"
"Ĺ›wietny	m	1	1	1	6.1"
"bĹ‚onnik	c	0	0	0	-1.0"
"obdarzaÄ‡	c	1	1	0	-0.3"
"koda	c	0	0	0	-2.0"
"modyfikowaÄ‡	c	0	-1	0	-3.6"
"dokument	c	0	0	2	-4.2"
"dobraÄ‡	c	0	-1	0	0.3"
"kamera	c	1	-1	-1	0.1"
"olej	c	0	0	0	-2.4"
"zatrzymaÄ‡	c	0	0	-1	-2.3"
"futurystyczny	m	1	1	0	-1.0"
"informowaÄ‡	c	1	0	0	-4.1"
"Ĺ‚ojotok	c	1	1	-1	-1.0"
"wilno	c	1	1	0	-1.0"
"sielski	m	0	1	2	-3.0"
"modny	m	1	1	0	0.5"
"kosmiczny	c	1	-1	0	-5.0"
"wiecznie	m	0	1	1	0.6"
"doskonaĹ‚y	m	1	1	0	4.6"
"ewakuacja	c	0	1	0	-1.0"
"spotkanie	c	0	0	0	5.3"
"wyznaczyÄ‡	c	0	0	0	-2.6"
"dziedzina	c	0	1	0	0.6"
"klapa	c	1	1	-2	-4.0"
"wszechmocny	m	0	1	-1	1.0"
"podstawowy	m	0	0	0	0.6"
"winny	c	0	-1	1	-1.6"
"wizyta	c	0	1	0	1.0"
"pÄ™dzelka	c	1	1	0	-1.0"
"wytrysk	c	1	-1	0	-5.2"
"gwarancja	c	1	1	1	-2.6"
"wartoĹ›ciowy	m	1	1	0	0.2"
"naĹ‚oĹĽyÄ‡	c	0	-1	-2	-4.8"
"seksownie	m	1	1	2	-1.0"
"szelka	c	0	1	0	-1.0"
"wglÄ…d	c	0	-1	-1	-2.0"
"palenisko	c	1	1	-1	-0.0"
"szary	m	1	-1	-1	-3.5"
"lesbijka	c	1	-1	0	-0.0"
"nadprzyrodzony	m	1	-1	-1	-0.0"
"poddaÄ‡	c	0	1	0	-5.3"
"komunista	c	1	-1	0	-0.4"
"makaron	c	1	-1	-1	-1.0"
"podmiot	c	0	1	0	-1.2"
"smaczny	m	1	1	2	1.0"
"michaĹ‚	c	1	1	0	-1.0"
"pocieszyÄ‡	m	1	1	1	-1.8"
"zadecydowaÄ‡	c	0	0	0	-1.5"
"boczek	c	0	0	0	-0.0"
"karpaty	c	1	1	0	-1.0"
"wycofywaÄ‡	c	1	1	1	-5.6"
"radosny	m	1	1	0	-0.9"
"fryzjerka	c	1	1	1	-1.0"
"wypowiedĹş	c	0	0	0	1.3"
"miĹ‚y	m	1	1	2	6.8"
"bydgoszcz	c	1	1	0	-1.0"
"dosadziÄ‡	c	0	1	2	-1.0"
"fizjologiczny	m	0	0	0	-6.1"
"wizjoner	c	0	0	1	-2.0"
"miĹ‚o	c	1	0	1	7.5"
"wino	c	0	1	-1	0.4"
"konstytucja	c	1	1	0	-1.0"
"wymyĹ›liÄ‡	c	1	-1	0	5.4"
"niebo	c	0	0	1	3.9"
"nienaruszony	c	0	0	0	-1.0"
"zablokowaÄ‡	c	0	1	1	-5.9"
"zyskowny	m	1	1	1	-2.0"
"szok	c	0	0	0	-2.4"
"pomyĹ‚ka	c	1	1	1	-5.7"
"pociÄ…gajÄ…cy	m	1	1	1	1.1"
"purytaĹ„ski	m	1	1	-1	-1.0"
"odprowadzaÄ‡	c	1	0	0	-2.0"
"zabawka	c	1	-1	-1	6.2"
"makieta	c	0	1	0	-1.0"
"ustalaÄ‡	c	0	0	0	-4.4"
"widocznie	c	1	0	2	-6.2"
"pragnienie	c	1	1	0	2.8"
"blokowaÄ‡	c	1	-1	0	-3.4"
"ufundowaÄ‡	c	1	0	0	4.1"
"samolot	c	1	1	0	-2.2"
"sztab	c	1	1	2	-1.5"
"dostÄ™pny	m	1	1	0	-2.7"
"garbaty	m	1	-1	-1	-2.0"
"praktyczny	m	1	1	-1	0.7"
"artystyczny	m	1	1	1	8.1"
"potrzebny	m	1	1	1	4.8"
"niemaĹ‚o	c	1	1	-1	0.5"
"piotrek	c	1	1	0	-1.0"
"zapisaÄ‡	c	0	0	0	-1.9"
"uszczÄ™Ĺ›liwiÄ‡	c	1	1	1	-1.0"
"demoniczny	m	1	-1	-1	-1.0"
"miejsce	c	1	1	0	3.6"
"wyborca	c	1	1	-2	-7.0"
"przypadek	c	0	-1	0	3.3"
"Ĺ‚atwowierny	m	1	-1	-1	-1.0"
"uczeĹ„	c	1	1	1	-1.3"
"zaskakiwaÄ‡	m	0	0	0	3.1"
"ĹĽyczliwy	m	1	1	2	5.3"
"proch	c	0	1	0	-4.6"
"spoĹ‚ecznie	m	1	1	-1	-0.9"
"fragment	c	1	1	0	2.2"
"czuĹ‚y	m	1	-1	2	-2.2"
"ania	c	1	1	0	-1.0"
"wesolutki	m	1	1	1	-1.0"
"chorobotwĂłrczy	c	1	-1	0	-2.6"
"przyprawa	c	1	-1	2	0.5"
"uniwersalistyczny	c	1	-1	-1	-1.0"
"czwarty	c	0	0	0	0.5"
"ograniczenie	c	1	1	-1	-1.0"
"bank	c	0	0	0	-0.9"
"siedziba	c	0	0	0	-3.7"
"laleczka	c	1	1	0	-1.0"
"niezbÄ™dny	c	0	0	0	-2.0"
"tyle	c	0	-1	1	4.8"
"rozwlec	m	1	-1	-1	-1.0"
"zwyciÄ™zca	c	1	1	0	-4.4"
"wygĹ‚osiÄ‡	c	0	0	0	1.3"
"ubezpieczyÄ‡	c	0	1	0	-1.0"
"jakoĹ›Ä‡	c	0	0	0	-0.4"
"uprzejmy	m	0	1	1	-2.4"
"bona	c	0	1	0	-1.0"
"komentarz	c	1	-1	-1	-3.3"
"objawowa	c	1	1	0	-1.0"
"gĹ‚odny	m	1	1	-2	-3.2"
"deklaracja	c	1	-1	-1	-4.2"
"liga	c	0	0	0	-8.7"
"gĹ‚odowaÄ‡	c	1	1	-2	-2.0"
"przelotny	c	1	1	0	-2.6"
"scenariusz	c	1	1	0	0.2"
"cudnie	m	1	1	2	-0.0"
"zaĹ‚atwiÄ‡	c	0	1	0	1.0"
"tĹ‚umacz	c	0	1	1	-0.5"
"zjadliwie	m	1	-1	-1	-1.0"
"zamiennik	c	0	1	-2	-1.0"
"przesadny	m	1	-1	-1	0.2"
"nÄ™dza	c	1	-1	0	-1.5"
"odbiÄ‡	c	0	1	-2	-2.3"
"wnikliwy	m	0	1	0	-2.0"
"ochota	c	1	0	0	0.2"
"tyÄ‡	m	1	-1	-1	-1.0"
"debil	c	1	-1	-1	-0.0"
"klarowny	m	0	1	1	-1.0"
"daniel	c	1	1	1	-1.0"
"zabaweczka	c	1	1	2	-1.0"
"nieudolny	c	1	-1	-2	-2.0"
"twĂłrczy	c	0	0	-2	1.2"
"niepoprawny	c	0	1	0	-2.0"
"rĂłwnoznaczny	c	1	0	0	-2.0"
"zjawisko	c	1	-1	0	-2.8"
"oceniÄ‡	c	0	1	1	1.1"
"szaĹ‚owy	c	1	-1	-1	-1.0"
"wrĂłbel	c	1	1	0	-1.0"
"automatycznie	c	0	0	0	-2.9"
"dosadny	m	0	-1	0	-2.0"
"strata	c	0	1	-2	-1.3"
"jesienny	c	0	0	1	-5.6"
"wojsko	c	1	1	0	-5.4"
"gruby	c	0	1	0	-0.7"
"rolka	c	1	1	0	-0.0"
"psychodeliczny	m	0	1	1	0.5"
"wraĹĽenie	c	1	1	0	5.6"
"uznaÄ‡	c	1	1	-1	1.6"
"wehrmacht	c	1	1	0	-1.0"
"zalesiony	c	0	0	0	-1.0"
"maksymalnie	m	0	0	0	-3.0"
"staranny	m	1	1	1	2.9"
"stosowaÄ‡	c	1	-1	-2	-2.2"
"efekciarski	m	1	-1	-1	-1.0"
"dzieciÄ™co	m	1	1	2	-1.0"
"natryskiwaÄ‡	c	1	1	0	-1.0"
"podnieĹ›Ä‡	m	1	-1	-1	-1.7"
"miejscowoĹ›Ä‡	c	0	1	0	-1.2"
"wariat	c	1	1	-1	-1.5"
"karczma	c	1	0	2	-1.0"
"entuzjastycznie	m	1	-1	2	-0.0"
"zaskoczyÄ‡	c	1	1	0	0.4"
"pĹ‚ytka	m	0	0	0	0.3"
"bogato	m	1	1	0	-1.0"
"oddzielny	c	0	0	0	-2.0"
"kwestionowaÄ‡	c	0	-1	0	-1.9"
"jednostajny	m	0	0	0	-1.0"
"zysk	c	1	1	0	-0.0"
"krajoznawczy	m	0	1	0	-1.0"
"krĂłlowa	c	1	1	0	0.8"
"czynny	m	0	1	0	-2.5"
"dwukrotnie	m	0	0	-1	-4.0"
"sĹ‚Ăłw	c	1	1	0	-1.0"
"zdrobniale	m	1	-1	0	-1.0"
"bogaty	m	0	1	0	3.2"
"namolny	m	1	-1	-1	-1.0"
"wioska	c	0	1	0	-0.3"
"estetycznie	m	1	1	2	2.7"
"ten	m	0	1	0	4.4"
"szeroki	m	0	1	0	3.3"
"pilnie	c	1	1	0	-2.5"
"zadaÄ‡	c	0	1	1	-3.2"
"malutki	m	1	-1	0	-0.8"
"nadwaga	c	1	1	0	-0.8"
"pomaraĹ„czowy	c	0	-1	-1	-0.9"
"doiÄ‡	c	1	-1	0	-1.0"
"wyĹ‚oniÄ‡	c	0	0	0	-3.0"
"wyraz	c	0	-1	-2	2.3"
"ekspresyjny	m	1	1	1	-0.5"
"zaliczaÄ‡	c	0	0	0	-4.8"
"obdarty	m	1	-1	-1	-1.0"
"ceremonia	c	0	1	0	-0.0"
"maskotka	c	1	1	-1	-1.0"
"obraĹşliwy	c	1	-1	0	-5.9"
"sprzedajÄ…cy	c	0	1	1	-1.0"
"wrzeÄ‡	c	0	0	0	-1.0"
"dziesiÄ…ty	c	0	0	0	-4.0"
"zdziwiony	c	1	-1	0	-3.6"
"wybitny	c	1	1	1	3.3"
"ciÄ…gĹ‚y	m	1	0	0	-4.5"
"nieadekwatny	c	1	-1	0	-0.0"
"pisaÄ‡	c	0	0	0	5.8"
"ksiÄ…dz	c	1	-1	-2	2.6"
"stosunek	c	1	1	0	0.2"
"rozrzutny	m	1	-1	1	-1.0"
"zabawa	c	1	-1	0	6.8"
"klinowaty	m	1	-1	-1	-1.0"
"zakaĹ„czaÄ‡	c	1	1	0	-1.0"
"dĹ‚uuuugi	m	1	1	0	-1.0"
"wewnÄ™trzny	m	0	-1	-1	1.0"
"szczegĂłĹ‚owy	m	0	1	1	-2.1"
"przejaw	c	1	0	0	-2.8"
"doroĹ›le	m	0	1	0	-1.0"
"narkotyczny	m	1	-1	-2	-1.0"
"straĹĽnik	c	1	1	0	-1.5"
"krzak	c	0	1	1	-4.0"
"wieĹşÄ‡	c	1	1	0	-0.3"
"wygodnie	m	1	1	0	1.0"
"cieleĹ›nie	m	0	0	0	-1.0"
"scaliÄ‡	c	0	0	0	-1.0"
"soczysty	c	1	-1	0	2.5"
"odnaleĹşÄ‡	c	0	0	0	5.2"
"piwnica	c	1	1	0	0.5"
"pradawny	m	1	1	-1	-1.0"
"znaczÄ…cy	c	0	1	1	-3.9"
"apokalipsa	c	1	1	0	-1.0"
"wszystek	m	0	0	0	9.8"
"mina	c	0	0	0	-2.4"
"przybliĹĽyÄ‡	c	0	0	0	-2.0"
"okazja	c	1	0	0	7.2"
"kiczowaty	m	0	-1	-1	1.0"
"rejestr	c	0	0	0	0.3"
"drastycznie	m	1	-1	-1	-2.0"
"kieĹ‚basa	c	1	-1	1	1.5"
"inwestor	c	0	0	0	-4.5"
"furtka	c	1	0	0	-0.0"
"zmiana	c	0	-1	-1	0.4"
"policja	c	1	1	0	-3.6"
"pudelek	c	0	1	0	-1.0"
"przedmiot	c	0	1	0	4.7"
"naturalny	m	1	0	1	4.3"
"zaprzeczyÄ‡	c	1	1	-1	-5.4"
"wytypowaÄ‡	c	0	1	0	-2.0"
"przypiÄ…Ä‡	c	1	1	0	-0.0"
"partyjny	c	1	1	-2	-5.0"
"ostroĹĽny	m	0	1	1	-4.4"
"kulturystyka	c	1	1	1	-1.0"
"kompletnie	m	0	0	0	0.9"
"kĹ‚opot	c	0	1	1	-1.5"
"leniuchowaÄ‡	c	0	0	0	-1.0"
"wspominaÄ‡	c	1	1	1	4.7"
"szpital	c	1	1	1	-1.6"
"perfekcja	c	0	-1	0	1.5"
"nieco	m	0	1	-1	5.1"
"podniebny	m	0	-1	0	-1.0"
"marzyÄ‡	c	1	1	0	1.5"
"zĹ‚oĹĽony	m	0	0	0	-2.4"
"widzialny	m	0	0	0	-3.6"
"adekwatny	c	1	1	0	1.8"
"przejÄ™cie	c	0	-1	0	-2.6"
"pracowity	m	1	1	1	-2.0"
"usĹ‚uga	c	1	-1	0	2.4"
"klaĹ›niÄ™cie	c	1	1	0	-1.0"
"trafiÄ‡	c	0	-1	0	0.7"
"zĹ‚oĹĽe	c	1	-1	0	-1.0"
"wytrawny	m	0	1	1	-1.0"
"rower	c	0	1	0	0.4"
"ĹĽĂłĹ‚tawy	c	0	0	0	-2.0"
"cwany	m	1	1	0	-1.0"
"mĹ‚odo	m	1	1	2	-0.6"
"malowniczy	m	0	1	0	1.5"
"zamulaÄ‡	c	1	0	0	-2.0"
"jezus	c	1	1	0	-1.0"
"urodziwy	m	1	1	1	-2.0"
"cenny	m	0	1	0	2.6"
"dziura	c	0	0	0	-2.9"
"dwumetrowy	m	0	0	0	-0.0"
"wystarczaÄ‡	c	1	-1	0	0.5"
"zmieniaÄ‡	c	1	1	2	2.6"
"caĹ‚y	m	0	0	0	5.7"
"samotnia	m	0	-1	0	-0.5"
"wstrzymaÄ‡	c	0	-1	0	-3.0"
"osiÄ…galny	m	1	1	1	-2.6"
"wywiesiÄ‡	c	0	0	0	-2.0"
"mleko	c	0	1	0	-1.9"
"wystarczajÄ…co	m	0	0	0	0.8"
"sympatyczny	m	1	1	2	3.3"
"zbĂłj	c	1	-1	-1	-1.0"
"proroczy	m	1	-1	0	-2.0"
"korona	c	0	0	0	1.5"
"wĹ‚ĂłczyÄ‡	c	1	1	0	-2.0"
"liczba	c	0	1	0	-3.4"
"nieograniczony	c	0	0	0	-0.6"
"rĂłwnolegĹ‚obok	c	0	0	0	-1.0"
"zapis	c	0	1	0	-2.6"
"milusiĹ„ski	m	1	-1	0	-1.0"
"idealistyczny	m	1	1	-1	1.0"
"podĹ‚Ä…czyÄ‡	c	0	0	0	-4.0"
"podstawa	c	0	1	0	3.0"
"naukowiec	c	0	1	2	-8.6"
"radio	c	0	0	0	-0.3"
"narodowy	c	0	1	-1	3.1"
"koszmar	c	0	-1	-2	-5.5"
"odzwierciedliÄ‡	c	0	1	0	-1.0"
"zgĹ‚osiÄ‡	c	0	0	0	-1.5"
"obsadziÄ‡	c	1	1	2	-3.0"
"wymagaÄ‡	c	0	-1	0	0.5"
"nudno	c	1	-1	-1	-3.0"
"zakĹ‚adaÄ‡	c	0	0	0	-0.2"
"dzieciak	c	0	0	0	1.4"
"ostatni	c	0	0	0	3.6"
"Ĺ›ledziÄ‡	c	1	-1	0	-5.4"
"wypadek	c	1	0	0	-1.3"
"likwidacja	c	0	-1	0	-4.6"
"doĹ›wiadczony	m	1	1	1	-3.8"
"towarzyszyÄ‡	c	1	-1	0	1.7"
"studium	c	0	0	0	4.2"
"zamierzyÄ‡	c	0	0	0	-1.4"
"wyrzut	c	1	1	0	-5.3"
"skoĹ„czony	m	1	0	0	-1.2"
"opinia	c	1	1	1	1.0"
"dziecko	c	1	1	-1	1.6"
"laptop	c	0	0	0	-1.0"
"umiejscowiÄ‡	c	1	-1	0	-0.6"
"ponownie	c	0	0	0	0.3"
"nÄ™dzny	c	1	-1	-1	-1.0"
"wyrosnÄ…Ä‡	m	1	-1	0	-0.0"
"egzaltowany	m	1	1	1	-1.0"
"kocioĹ‚	c	1	1	0	-3.6"
"niemen	c	1	1	0	-1.0"
"wiÄ™kszoĹ›Ä‡	c	0	-1	0	-0.3"
"zorientowaÄ‡	c	1	-1	0	-4.9"
"zaprojektowaÄ‡	c	1	-1	0	1.0"
"odlegĹ‚y	m	1	1	1	-0.5"
"rzeczywisty	m	0	0	0	2.6"
"zbliĹĽony	c	0	0	0	-2.2"
"maciej	c	1	1	0	-1.0"
"sĹ‚awny	m	1	1	1	1.4"
"noga	c	0	0	0	0.9"
"zdecydowanie	c	1	0	0	1.9"
"naprawdÄ™	m	1	-1	1	8.1"
"palnÄ…Ä‡	c	0	1	0	-1.0"
"gatunek	c	1	1	-1	1.4"
"wielce	c	1	1	-1	-0.6"
"przytomny	c	0	1	1	-0.0"
"poczÄ…tek	c	0	1	0	4.9"
"atmosfera	c	0	0	1	-0.3"
"traumatyczny	c	1	1	1	-4.7"
"projektant	c	1	0	0	1.9"
"leasing	c	0	0	0	-1.0"
"pragnÄ…Ä‡	c	0	0	0	5.0"
"wzniosĹ‚y	c	1	1	1	1.5"
"inny	m	1	1	1	2.8"
"pilot	c	0	0	0	-5.4"
"wyrozumiaĹ‚y	m	1	1	1	0.5"
"garaĹĽ	c	1	1	1	-0.3"
"akwarium	c	0	1	1	-0.0"
"zĹ‚udzenie	c	1	-1	-1	-2.6"
"uwaĹĽny	m	1	1	0	-4.2"
"basowy	m	1	-1	0	-2.0"
"gapowaty	m	1	-1	-1	-1.0"
"gromadziÄ‡	c	0	0	0	-2.0"
"zamieszaÄ‡	c	0	0	0	-1.6"
"wspĂłĹ‚czuÄ‡	m	1	-1	1	-2.0"
"istotny	m	0	1	1	-3.5"
"ciekawy	m	1	1	1	5.3"
"leciutki	m	1	1	0	-3.0"
"rozpaczliwie	m	1	1	1	-3.2"
"upomnieÄ‡	c	1	1	0	-2.6"
"henryk	c	1	1	0	-1.0"
"glasgow	c	1	1	0	-1.0"
"koĹ„cowy	m	0	0	0	-5.7"
"natura	c	1	1	1	-1.7"
"retoryczny	m	1	0	2	-1.0"
"dostatek	c	1	-1	0	-0.0"
"wojewĂłdztwo	c	0	0	1	-7.2"
"wznieĹ›Ä‡	m	0	0	0	-0.5"
"europejski	m	0	1	1	1.0"
"kotara	c	1	1	0	-1.0"
"majÄ…tek	c	1	-1	2	-0.7"
"czarowaÄ‡	m	1	1	1	-1.0"
"Ĺ‚Ä…czka	c	0	1	0	-1.0"
"wÄ…ski	m	0	0	0	-0.7"
"ubiegĹ‚oroczny	c	0	0	0	-2.0"
"wÄ…sko	m	1	-1	-1	-1.0"
"aparat	c	0	1	2	-2.5"
"piĹĽama	c	0	0	0	-1.0"
"prowadziÄ‡	c	0	0	1	2.9"
"brat	c	1	0	0	0.5"
"potulny	m	1	-1	-1	-0.0"
"pobudliwy	m	1	-1	-2	-1.0"
"zawiesiÄ‡	c	0	-1	0	-2.7"
"szybka	m	1	1	0	-2.6"
"bliĹşni	c	1	1	2	3.0"
"szybki	c	1	1	1	-0.1"
"popaliÄ‡	c	1	1	0	0.5"
"projektowaÄ‡	c	0	1	0	-2.5"
"koszmarnie	m	1	-1	-2	-2.6"
"pielÄ™gniarka	c	1	1	0	-3.1"
"szybko	c	1	0	0	-0.3"
"namiota	c	1	-1	0	-0.0"
"spowodowaÄ‡	c	1	1	0	-3.4"
"kompensowaÄ‡	c	0	0	0	-1.0"
"zwiÄ…zaÄ‡	c	1	1	0	0.9"
"komplet	c	0	0	0	-1.0"
"otwarcie	c	0	1	0	-1.2"
"zdecydowaÄ‡	m	0	0	-1	1.7"
"barokowy	m	0	0	0	-0.9"
"bĹ‚ahostka	c	0	0	-1	-1.0"
"bezradny	m	1	-1	-1	-4.7"
"zdecydowany	m	0	1	0	-2.6"
"bramkarz	c	1	1	1	-7.0"
"rozkosz	c	0	-1	0	1.5"
"cytologia	c	0	-1	0	-1.0"
"nagĹ‚Ăłwek	c	0	0	0	-0.5"
"ratunek	c	1	1	-1	0.4"
"spacja	c	0	-1	0	-0.0"
"rozbudowa	c	0	0	0	-2.0"
"Ĺ›piewaÄ‡	c	1	1	0	6.3"
"namacalny	m	0	0	0	-3.0"
"winien	m	0	1	0	-0.9"
"bolszewik	c	1	-1	-1	-2.0"
"przeciÄ™tny	c	0	-1	-1	-3.6"
"Ĺ‚ĂłĹĽko	c	0	0	0	-1.6"
"toporny	m	1	-1	-1	1.0"
"katolik	c	1	-1	-1	-0.6"
"kleiÄ‡	c	0	0	0	-1.0"
"chrzest	c	0	1	-1	-1.8"
"odeprzeÄ‡	m	1	1	0	2.5"
"dostÄ™p	c	0	0	0	-4.6"
"gwarny	m	1	-1	0	-0.0"
"zwyczajny	m	0	0	-1	-4.4"
"rajski	m	1	-1	-1	0.5"
"czterokrotny	m	1	0	0	-1.0"
"spis	c	0	0	0	-2.6"
"boleÄ‡	c	1	-1	-1	-2.6"
"spokojny	m	1	1	1	-1.2"
"trzpiotowaty	m	1	1	0	-1.0"
"wychodziÄ‡	c	1	1	1	3.7"
"kalesony	c	0	0	0	-2.0"
"zagroda	c	0	0	0	1.0"
"kott	c	1	1	0	-1.0"
"zwiÄ…zaĹ„	c	0	0	0	-1.0"
"wpatrzyÄ‡	m	0	0	0	1.5"
"mnĂłstwo	c	1	-1	1	2.1"
"ideologiczny	m	1	-1	1	2.3"
"miodny	m	0	1	0	-1.0"
"katowice	c	1	1	0	-1.0"
"badaÄ‡	c	0	-1	-2	-4.6"
"Ĺ›redni	c	0	0	0	-0.7"
"ewentualnie	c	0	-1	0	-1.0"
"ufny	m	1	1	-1	-1.8"
"czymĹ›	c	1	1	0	-1.0"
"sieÄ‡	c	0	0	0	0.8"
"zasilaÄ‡	c	0	0	0	-2.0"
"kota	c	0	1	0	2.8"
"kupa	c	0	0	0	2.4"
"spadkodawca	c	0	1	-1	-1.0"
"nastÄ™pca	c	1	0	0	-4.3"
"tani	m	1	1	1	-0.6"
"sĹ‚abo	m	1	-1	0	-4.3"
"fajka	c	1	-1	0	1.0"
"aktualizacja	c	0	0	0	1.3"
"zidentyfikowaÄ‡	c	0	0	-1	-4.2"
"wiara	c	1	1	0	5.0"
"nowy	m	0	1	0	6.5"
"trzeĹşwy	c	0	-1	-1	-4.4"
"kredyt	c	0	1	0	-1.8"
"kupy	c	1	1	0	-1.0"
"domyĹ›lny	m	0	0	0	-1.0"
"syrop	c	0	0	0	-1.0"
"stodoĹ‚a	c	1	1	0	-0.0"
"szĂłstka	c	0	0	0	-5.4"
"paternalistyczny	m	1	-1	-1	-1.0"
"strasznie	m	1	1	1	-5.5"
"twardy	m	1	-1	0	0.6"
"restrykcyjnie	m	1	-1	-1	-1.0"
"ustÄ™powaÄ‡	c	1	-1	2	-8.2"
"posiadaÄ‡	c	0	1	-1	2.0"
"samodzielny	m	1	1	0	-2.6"
"cierpliwy	m	1	1	1	-4.0"
"opuchnÄ…Ä‡	c	1	1	1	-4.9"
"braÄ‡	c	0	0	0	3.8"
"jedynie	c	0	-1	0	3.9"
"mityczny	c	1	-1	-1	1.5"
"usĹ‚aÄ‡	c	0	1	1	-1.0"
"poĹĽyteczny	m	1	1	1	-4.6"
"patologiczny	c	0	-1	-1	-9.3"
"ciasto	c	1	1	0	3.5"
"straszliwie	m	1	-1	-1	-7.4"
"kosmetyczny	m	0	1	0	0.4"
"kompletny	c	0	1	0	-1.8"
"odpowiedni	m	1	-1	-1	-1.7"
"ochronny	m	0	0	0	-3.9"
"rozkoszny	m	1	-1	-2	-3.9"
"kotek	c	1	1	0	0.5"
"schematyczny	m	0	-1	0	1.5"
"nosiÄ‡	c	0	0	0	4.2"
"milutki	m	1	-1	-1	-1.0"
"staraÄ‡	m	1	1	1	1.2"
"wĹ‚os	c	0	-1	0	0.1"
"swoisty	m	0	1	0	0.9"
"przerobiÄ‡	c	0	0	0	-0.5"
"hurtowo	c	0	0	0	-1.0"
"bĹ‚ogo	m	1	-1	2	-1.0"
"zbawiÄ‡	c	0	1	1	-0.0"
"bilet	c	0	-1	-1	-2.3"
"kobieta	c	0	-1	-1	2.4"
"dobitnie	m	1	-1	-1	-2.6"
"poprawny	m	0	1	0	-2.0"
"lustr	c	0	0	0	-0.5"
"fiskalny	m	0	-1	0	-2.6"
"sprzymierzeniec	c	1	1	-1	-0.0"
"stosowany	c	0	-1	0	-5.7"
"odwaĹĽny	m	1	1	1	-1.9"
"bezuĹĽyteczny	m	0	1	2	-0.0"
"dowcip	c	1	1	-2	1.8"
"bezpieczny	m	1	1	0	-1.2"
"morderca	c	1	1	-2	-4.0"
"bezgĹ‚oĹ›ny	m	1	-1	0	-2.6"
"serwer	c	1	1	0	1.5"
"uczuciowy	m	1	1	-2	-3.5"
"bezpieczno	c	1	1	0	-1.0"
"porĂłwnywalny	c	0	0	0	-2.0"
"paryĹĽ	c	1	1	0	-1.0"
"twĂłj	m	1	1	1	9.0"
"tunel	c	1	-1	0	1.7"
"medycyna	c	0	1	0	-1.1"
"umysĹ‚	c	0	-1	0	3.2"
"mÄ…droĹ›Ä‡	c	1	-1	0	6.1"
"wyzywaÄ‡	c	1	-1	-1	-2.6"
"odwrotnie	c	1	-1	-2	1.6"
"uĹĽyteczny	m	1	1	0	2.5"
"kolczyk	c	1	1	0	-0.8"
"remont	c	1	-1	-1	2.2"
"ofiarny	m	1	1	0	1.3"
"odpowiednik	c	0	0	0	-1.0"
"odpowiednio	c	0	0	0	-0.9"
"surowo	m	1	1	0	0.5"
"obrĂłt	c	0	0	0	-7.1"
"oddaliÄ‡	m	1	1	0	-0.5"
"niezwykle	c	1	1	1	-1.5"
"zwolennik	c	1	1	1	0.5"
"imiÄ™	c	0	1	0	8.0"
"zmanierowaÄ‡	c	1	-1	-1	-1.0"
"mĹ‚odzieĹĽowy	c	1	1	1	-0.5"
"epicki	m	0	1	-1	-1.0"
"piÄ™cioletni	c	0	-1	0	-0.0"
"rĂłĹĽny	m	0	1	0	5.3"
"instrument	c	0	0	-2	-0.6"
"grafik	c	0	0	0	1.3"
"znoĹ›ny	m	0	-1	-1	-2.0"
"osobisty	m	1	1	-1	2.4"
"brama	c	0	0	-1	-0.2"
"uchwyciÄ‡	c	1	1	0	-1.0"
"pierwszy	m	0	1	1	6.0"
"unia	c	0	1	0	-3.3"
"przesadnie	c	0	-1	-1	-1.0"
"rano	c	0	-1	0	1.0"
"myĹ›l	c	1	1	0	3.2"
"prowadzony	c	1	-1	0	-5.0"
"szczelny	m	1	1	1	1.5"
"zewrzeÄ‡	m	1	1	0	-1.0"
"nocleg	c	0	0	0	-2.0"
"precyzyjny	m	1	1	0	-1.9"
"dziekanat	c	0	0	0	-1.0"
"stanik	c	0	-1	-1	-1.0"
"zwyknÄ…Ä‡	m	0	-1	0	-0.5"
"grenoble	c	1	1	0	-1.0"
"miot	c	1	-1	0	-1.0"
"defekt	c	1	-1	-1	2.8"
"obowiÄ…zywaÄ‡	m	1	-1	0	-1.0"
"polegaÄ‡	c	1	1	0	1.2"
"nuda	c	1	-1	-1	1.8"
"sankcja	c	0	1	0	-1.6"
"Ĺ‚oĹĽe	c	1	1	0	-3.0"
"lekarz	c	0	1	0	4.1"
"dopracowaÄ‡	c	1	1	1	0.5"
"sĹ‚odko	c	1	-1	2	-2.4"
"rzeka	c	0	0	0	0.1"
"sÄ…siad	c	0	1	0	-0.3"
"peĹ‚noletni	c	0	1	1	-1.0"
"spekulacja	c	1	1	0	-3.0"
"czytelny	m	0	1	1	-1.0"
"tkanka	c	1	-1	-2	-9.7"
"nieistnienie	c	0	0	0	-1.0"
"sprzedaÄ‡	c	0	0	0	-3.0"
"miaĹ‚ki	m	1	-1	-1	-1.0"
"zagroĹĽenie	c	1	1	0	-5.5"
"uprawa	c	0	0	0	1.0"
"realnie	c	1	1	0	-2.6"
"rĂłĹĽnorodny	c	0	0	0	-3.2"
"boleĹ›nie	m	1	-1	-1	-3.8"
"poĹ‚udniowy	m	0	0	0	-1.7"
"przyrost	c	0	0	0	-3.9"
"aktualnie	c	0	0	0	-1.5"
"zasada	c	1	1	0	5.2"
"znakomicie	m	1	-1	-1	2.1"
"napakowaÄ‡	m	1	-1	1	-1.0"
"oficjalny	c	1	-1	0	-3.4"
"wyĹ›niÄ‡	c	1	1	0	-1.0"
"wyrobiÄ‡	c	1	1	1	-0.3"
"humor	c	0	1	0	4.9"
"przyjaciel	c	1	1	1	7.4"
"Ĺ‚akomy	m	0	0	0	-1.0"
"konsolowy	m	0	0	0	-1.0"
"raport	c	0	0	0	-3.6"
"pomarzyÄ‡	c	1	-1	-1	-1.0"
"mniejszoĹ›Ä‡	c	1	1	0	-3.0"
"zwracaÄ‡	c	1	0	0	1.8"
"przerzut	c	0	0	0	-1.0"
"chodzÄ…cy	c	0	1	0	-2.0"
"tĹ‚uszcza	c	0	0	0	-2.6"
"odbyÄ‡	c	0	0	0	4.9"
"zwolenniczka	c	0	1	1	-1.0"
"wytwĂłr	c	1	1	0	2.6"
"dojrzaĹ‚y	m	1	1	1	1.1"
"kruch	m	1	-1	-1	-1.0"
"skrzat	c	1	1	1	-1.0"
"super	m	1	1	1	3.0"
"humanista	c	1	-1	0	-1.0"
"zeszyt	c	0	1	2	-1.1"
"sĹ‚odki	m	0	0	1	-2.7"
"zachwycaÄ‡	m	1	1	0	3.6"
"opis	c	1	1	1	1.0"
"zezĹ‚oĹ›ciÄ‡	c	1	-1	-1	-1.0"
"felga	c	0	1	-1	-1.0"
"ĹĽarliwy	m	1	-1	-1	-0.6"
"plus	c	1	1	0	-0.0"
"przekonany	c	1	1	1	-0.5"
"odpowiadaÄ‡	c	1	1	0	2.7"
"zawodowy	c	0	0	1	2.5"
"haĹ‚aĹ›liwie	m	1	-1	-1	-1.0"
"nieustannie	c	1	1	1	-2.0"
"sprzedaĹĽ	c	0	0	0	-2.4"
"ogrĂłdek	c	1	1	0	1.1"
"zamek	c	0	1	-1	0.3"
"ateista	c	1	1	0	-1.0"
"lampion	c	0	1	0	-1.0"
"pomalowaÄ‡	c	1	1	0	3.0"
"szkoĹ‚a	c	0	0	0	3.9"
"rosja	c	1	1	0	-1.0"
"wynagrodziÄ‡	c	1	1	0	-0.0"
"podle	m	1	-1	-2	-2.6"
"galaktyczny	c	1	-1	0	-1.0"
"wysokokaloryczny	m	1	1	1	-1.0"
"amsterdam	c	1	1	0	-1.0"
"stereotypowy	m	1	-1	-2	-1.0"
"przestraszyÄ‡	c	0	-1	-1	-1.4"
"jednakowo	m	1	-1	-1	-2.6"
"strzaĹ‚eczka	c	0	0	0	-1.0"
"irlandia	c	1	1	0	-1.0"
"boisko	c	0	1	1	-2.1"
"przeklinaÄ‡	c	0	0	-2	-2.2"
"stratny	c	0	1	1	-1.0"
"fajno	c	1	1	1	-1.0"
"potwierdziÄ‡	c	1	1	0	-1.6"
"bezkresny	m	0	0	0	-1.0"
"zrĂłwnowaĹĽony	c	0	1	1	-2.6"
"synonim	c	1	1	0	-3.6"
"dowartoĹ›ciowaÄ‡	m	1	1	-1	-1.0"
"jednorodzinny	c	0	0	0	1.0"
"jakimĹ›	c	1	1	0	-1.0"
"skĹ‚onnoĹ›Ä‡	c	1	-1	0	-3.1"
"przystanek	c	0	1	1	1.0"
"niewygodny	c	1	1	0	-5.0"
"ubikacja	c	0	1	0	-1.6"
"zaaferowany	m	1	1	1	-1.0"
"popularnoĹ›Ä‡	c	0	1	1	1.8"
"Ĺ‚apka	c	1	-1	-1	-0.6"
"trup	c	1	1	0	-3.0"
"przebojowy	m	1	-1	1	-1.0"
"porwaÄ‡	c	1	1	0	-5.6"
"zdeklasowaÄ‡	c	1	1	-1	-1.0"
"substrat	c	1	1	0	-1.0"
"sprawny	m	1	1	0	1.1"
"wyszukany	m	1	-1	0	0.5"
"egocentryczny	m	1	-1	-2	-2.0"
"funkcjonalny	m	0	1	0	2.1"
"ĹĽona	c	1	-1	0	5.3"
"okres	c	0	0	0	0.5"
"wizjonerski	m	1	1	2	-1.0"
"przesada	c	1	-1	0	0.5"
"orgazm	c	1	0	-1	-10.0"
"szaĹ‚	c	0	1	0	-1.5"
"sakiewka	c	0	-1	0	-1.0"
"zasadowy	m	0	0	0	-3.6"
"pytaÄ‡	c	1	1	1	5.2"
"polska	m	1	1	0	-1.0"
"baza	c	0	0	0	0.8"
"Ĺ›piÄ…cy	c	0	1	1	-1.0"
"poseĹ‚	c	0	1	2	-2.2"
"rzeczowy	m	0	1	0	-1.6"
"polski	c	1	-1	0	7.3"
"przegrany	c	0	0	0	-3.6"
"gĹ‚Ä™boki	m	1	-1	0	0.2"
"niebieski	c	0	1	0	4.3"
"wĹ‚asny	c	1	1	1	3.1"
"gĹ‚os	c	0	0	2	2.3"
"grzyb	c	1	1	0	0.8"
"magicznie	c	0	0	0	1.5"
"krĂłlewski	c	0	1	0	0.3"
"uchwyt	c	0	0	0	-2.3"
"wnieĹ›Ä‡	c	0	0	0	-2.9"
"nauka	c	1	1	-1	2.2"
"lalkarz	c	0	0	-1	-1.0"
"bezgranicznie	m	1	1	-1	1.3"
"dzieĹ„	c	0	0	0	5.7"
"skrupulatny	m	1	-1	1	-1.0"
"Ĺ‚adowaÄ‡	c	1	-1	-1	-1.0"
"niepotrzebny	c	1	0	0	-1.3"
"promocyjny	c	1	1	0	-2.6"
"konsekwencja	c	0	0	0	-7.4"
"doĹ‚Ä…czaÄ‡	c	0	0	0	-0.0"
"bolÄ…	c	1	1	0	-1.0"
"kanoniczny	m	0	1	0	-2.0"
"przeĹĽreÄ‡	m	1	-1	-1	-1.0"
"rola	c	0	1	0	6.1"
"milioner	c	1	1	1	1.0"
"test	c	0	0	0	-7.7"
"zakazaÄ‡	c	1	-1	0	-1.6"
"grzecznie	m	1	1	0	-0.0"
"gdaĹ„sk	c	1	1	0	-1.0"
"klÄ…twa	c	0	-1	0	-1.0"
"haĹ‚aĹ›liwy	c	1	-1	-2	-5.7"
"prÄ…cie	c	0	-1	0	-2.0"
"wakacje	c	1	1	1	4.0"
"ujemny	m	0	0	0	-4.2"
"przymierze	c	1	1	0	-2.6"
"niedostÄ™pny	c	1	-1	-1	-3.0"
"koncert	c	0	1	1	6.5"
"zarejestrowaÄ‡	c	0	0	0	-1.4"
"pewnoĹ›Ä‡	c	0	-1	0	0.8"
"integralny	m	0	0	-1	0.5"
"arbitralny	m	0	-1	0	-1.0"
"osobiĹ›cie	c	1	1	0	2.1"
"dojrzewalnia	c	1	1	0	-1.0"
"taĹ„czyÄ‡	c	1	-1	-2	4.5"
"weekend	c	0	1	0	1.3"
"wĂłwczas	m	1	0	0	3.4"
"odwaga	c	1	-1	0	-5.0"
"noĹ›nik	c	1	1	0	-2.0"
"czystoĹ›Ä‡	c	0	1	1	4.5"
"bajeczka	c	1	1	2	-0.0"
"obraz	c	1	1	0	7.0"
"faza	c	0	0	0	-4.6"
"dotkliwy	m	1	-1	-2	-4.9"
"ĹĽartĂłw	c	1	1	0	-1.0"
"silny	m	1	-1	-1	-0.4"
"przenikliwy	m	1	1	1	-3.6"
"pomieszczenie	c	0	0	0	0.7"
"przyczyna	c	1	1	1	-2.6"
"rozum	c	1	1	1	6.7"
"opodatkowaÄ‡	c	0	0	0	-1.0"
"martwy	m	1	1	1	-0.8"
"bezawaryjny	c	1	1	0	-1.0"
"maĹ‚y	m	1	-1	0	3.4"
"znaczyÄ‡	m	1	-1	2	5.3"
"cudny	m	1	1	0	2.0"
"opatrzony	c	0	0	0	-2.0"
"brytyjski	c	1	1	0	-3.7"
"koncern	c	0	-1	0	-1.4"
"telefon	c	0	-1	0	1.9"
"wykazywaÄ‡	c	0	1	0	-3.6"
"lider	c	1	1	0	-6.9"
"ukochany	c	1	-1	-1	0.3"
"ohydnie	m	1	-1	-2	-1.0"
"mila	m	1	1	0	3.2"
"czytaÄ‡	c	1	0	0	7.5"
"przerwa	c	0	1	1	-2.7"
"huczny	c	1	-1	0	-1.0"
"odziaÄ‡	c	1	1	0	-0.0"
"dĹ‚ugi	c	0	0	0	0.4"
"klasyczny	m	1	1	0	3.5"
"niewidoczny	c	0	-1	0	-3.0"
"okolica	c	1	-1	-1	0.0"
"choroba	c	1	1	0	-4.4"
"pretensjonalny	m	1	-1	2	-1.0"
"Ĺ‚adny	m	1	1	2	7.9"
"finlandia	c	1	1	0	-1.0"
"wyzwaÄ‡	c	0	0	0	-0.0"
"petersburg	c	1	1	0	-1.0"
"stwierdziÄ‡	c	0	0	0	-1.1"
"facetka	c	0	-1	-1	-1.0"
"dobrze	m	0	1	1	7.5"
"rozbudowaÄ‡	c	0	1	0	0.8"
"czarny	m	1	-1	-1	0.5"
"sztuka	c	0	0	0	14.3"
"drewniany	m	1	-1	0	3.4"
"paliwoĹĽerny	m	1	-1	-1	-1.0"
"tunezja	c	1	1	0	-1.0"
"chĹ‚opiec	c	0	-1	0	3.4"
"moderator	c	1	1	0	1.3"
"zaĹ‚Ä…czyÄ‡	c	0	0	0	-1.0"
"prozaiczny	m	1	-1	0	0.5"
"lakoniczny	m	0	-1	-1	-2.0"
"okĹ‚adka	c	0	0	0	-0.7"
"bierny	c	0	-1	0	-4.0"
"kryzys	c	0	1	1	-7.1"
"dziki	c	1	1	1	-3.9"
"obrotowy	c	0	1	0	-1.0"
"minuta	c	0	0	0	-0.3"
"przedrukowywaÄ‡	c	0	0	0	-1.0"
"obecnie	c	0	0	0	-3.5"
"priorytet	c	1	0	0	-2.0"
"ogrĂłd	c	0	1	0	4.6"
"rozpraszaÄ‡	c	1	-1	0	-4.0"
"rozgĹ‚oĹ›nia	c	1	1	0	-1.0"
"dowĂłdczy	c	0	0	0	-1.0"
"dzisiejszy	c	1	1	0	2.1"
"powtĂłrzyÄ‡	c	1	-1	0	0.2"
"ekspert	c	0	0	1	-6.5"
"stado	c	1	1	2	-5.4"
"kardynaĹ‚	c	1	1	1	-3.3"
"chudziÄ‡	m	1	1	0	-1.0"
"team	c	1	1	0	-1.0"
"seweryn	c	1	1	0	-1.0"
"pasja	c	1	1	2	6.3"
"przyzwyczajenie	c	0	1	0	-1.6"
"radoĹ›nie	m	1	-1	-1	3.0"
"podparcie	c	0	1	0	-1.0"
"mÄ™czyÄ‡	c	1	1	-1	-2.6"
"przestÄ™pstwo	c	0	1	-2	-3.6"
"skryta	m	1	1	-1	-2.6"
"zwyczaj	c	1	1	0	2.0"
"nawrĂłciÄ‡	c	0	1	2	4.5"
"Ĺ›cigaÄ‡	c	1	-1	0	-6.4"
"przeĹ‚omowy	c	1	1	0	-4.2"
"korzystaÄ‡	c	0	0	0	1.6"
"prawomocny	c	1	1	0	-1.0"
"renta	c	0	1	-1	-3.9"
"wielki	m	0	0	0	5.1"
"magiczny	m	1	1	0	-4.0"
"odstÄ™p	c	0	0	0	-1.0"
"rolnik	c	1	1	2	-2.0"
"zaawansowany	m	0	0	0	1.5"
"nabrzmieÄ‡	c	0	-1	0	-2.0"
"przysĹ‚owiowy	c	1	1	0	-0.8"
"energooszczÄ™dny	m	1	1	0	1.0"
"niechlujny	c	1	-1	0	-1.0"
"miodnie	c	1	1	-2	-1.0"
"dodaÄ‡	c	0	0	0	3.4"
"przepis	c	0	1	0	-2.5"
"godzinny	m	0	0	0	-2.0"
"poczciwy	m	1	1	1	-0.3"
"szwajcar	c	1	-1	0	-2.0"
"plebejski	m	1	-1	-1	-1.0"
"zdobyÄ‡	m	0	0	-1	1.5"
"zielony	m	0	0	0	1.4"
"wstÄ™p	c	1	-1	-1	1.7"
"harmonijka	c	1	1	0	-1.0"
"przeĹşroczysty	m	0	0	0	-1.0"
"opaĹ›Ä‡	m	1	1	2	-5.7"
"blisko	m	0	0	1	-2.6"
"Ĺ›wiÄ™to	c	0	1	-1	3.6"
"bliski	m	1	-1	-2	5.1"
"produkowaÄ‡	c	1	0	0	-0.4"
"obejrzeÄ‡	c	0	0	-2	2.6"
"zainteresowany	c	1	1	-1	-1.0"
"niebagatelny	c	0	0	0	-0.0"
"chrystus	c	1	1	0	-1.0"
"otyĹ‚y	m	1	1	1	-4.0"
"wzmocniÄ‡	c	1	-1	1	-1.8"
"wymowny	c	1	0	0	-0.0"
"stateczny	m	1	1	1	-1.0"
"jednoroĹĽec	c	1	1	0	-1.0"
"brzemienny	c	1	0	0	-3.0"
"prawdziwek	c	1	-1	2	-1.0"
"uroda	c	1	-1	2	6.2"
"aktualny	m	1	1	0	-2.6"
"elitarny	m	1	1	0	-1.0"
"niewiedza	c	1	1	-1	-2.0"
"zapomnieÄ‡	c	1	-1	-1	0.3"
"brodawka	c	0	0	0	-5.9"
"ciek	c	0	0	0	-1.0"
"obecny	c	1	1	0	-0.2"
"wykwintny	m	1	0	2	0.5"
"impreza	c	1	1	-1	7.1"
"fakt	c	1	-1	0	1.2"
"drzewo	c	0	1	0	1.9"
"ostatecznie	c	0	0	1	-5.3"
"alergik	c	0	-1	-1	-0.0"
"niepokojÄ…co	m	0	0	-1	-2.0"
"egzorcysta	c	0	0	0	-1.0"
"pokonaÄ‡	m	1	0	2	-5.2"
"trakcja	c	0	0	0	-1.0"
"ubrany	c	1	1	1	0.2"
"efektywny	m	1	1	-1	-3.6"
"Ĺ‚agodny	m	1	1	-1	-1.0"
"chĹ‚opak	c	1	1	1	-1.6"
"przygotowaÄ‡	c	1	-1	0	5.7"
"kuriozalny	m	0	-1	-1	-1.0"
"zawistny	c	1	-1	-2	-1.0"
"zaĹĽyĹ‚oĹ›Ä‡	c	1	1	2	-1.0"
"popatrzeÄ‡	c	1	1	1	-2.0"
"jastrzÄ™bie	c	1	1	0	-1.0"
"poĹĽÄ…daÄ‡	m	1	-1	-1	-1.0"
"codziennie	m	0	0	0	-4.8"
"krakĂłw	c	1	1	0	-1.0"
"rozsÄ…dny	m	1	-1	-1	0.5"
"paskudnie	m	1	-1	-2	-1.0"
"emitowaÄ‡	c	0	-1	0	-2.0"
"powielaÄ‡	c	1	1	-1	-1.0"
"religijny	m	0	0	-1	3.9"
"ubraÄ‡	m	1	1	0	3.2"
"pochopny	m	1	-1	-1	-2.0"
"odbiĂłr	c	1	1	0	-0.3"
"grzeszny	c	1	-1	-1	-1.0"
"przeistoczyÄ‡	c	1	1	1	-1.0"
"bĹ‚ahy	m	1	-1	-1	-3.0"
"wĹ‚aĹ›ciwy	c	0	1	0	-1.8"
"boski	m	1	1	2	2.7"
"zaniedbaÄ‡	c	1	1	-1	-0.5"
"przepiÄ™kny	c	1	-1	2	2.0"
"legitymista	c	1	1	2	-1.0"
"zaraĹşliwy	c	1	-1	-1	-1.0"
"Ĺ‚osoĹ›	c	1	-1	-1	-0.0"
"pojemny	m	1	1	1	-0.0"
"miodowy	c	0	1	1	0.5"
"konsulat	c	0	-1	0	-1.0"
"dowiedzieÄ‡	c	1	1	2	2.2"
"mieszkaÄ‡	c	0	0	0	6.3"
"chrupaÄ‡	c	0	-1	-1	-1.0"
"fioletowy	m	0	0	0	-4.4"
"oddawaÄ‡	c	0	0	0	2.1"
"posiedzieÄ‡	c	1	-1	0	-4.0"
"tchĂłrz	c	1	-1	-2	-0.0"
"podporzÄ…dkowaÄ‡	c	1	1	0	-1.6"
"szczÄ™Ĺ›cie	c	0	0	0	5.3"
"figura	c	0	1	-1	0.5"
"szczery	m	1	1	2	4.3"
"wspĂłĹ‚czesny	m	0	-1	2	-0.5"
"wykorzystaÄ‡	c	0	1	0	1.1"
"pochodziÄ‡	c	0	0	0	2.8"
"wspĂłlny	c	1	1	1	3.7"
"podrĂłĹĽowaÄ‡	c	0	1	0	3.5"
"trzykrotnie	m	0	0	0	-1.6"
"politycznie	m	1	1	1	-5.6"
"seksowny	m	1	1	1	2.0"
"praworzÄ…dny	m	0	1	1	-1.0"
"chorĂłb	c	1	1	0	-1.0"
"obrzeĹĽe	c	1	1	0	0.5"
"mÄ™ski	m	0	0	0	4.7"
"ogieĹ„	c	0	0	0	2.8"
"arystokratka	c	1	1	-1	-1.0"
"wzruszyÄ‡	m	1	1	0	-2.0"
"czytelnik	c	0	1	0	9.7"
"stacja	c	1	1	1	-1.5"
"ambitny	m	1	1	1	-5.2"
"czÄ™Ĺ›Ä‡	c	1	1	0	2.1"
"pacjent	c	1	1	0	-2.6"
"brakowaÄ‡	c	1	1	-2	2.2"
"sĹ‚ownik	c	1	0	2	-0.0"
"przedziaĹ‚	c	0	0	0	-0.5"
"obawa	c	1	1	0	-4.8"
"manieryczny	m	1	-1	-1	-1.0"
"dynamiczny	m	1	-1	-1	-0.3"
"konstruktywny	c	1	1	1	-1.0"
"tramwaj	c	0	0	0	0.2"
"wyznacznik	c	0	1	0	-2.6"
"opatrywaÄ‡	c	1	-1	0	-1.0"
"dziewica	c	0	-1	-1	-0.0"
"zima	c	1	1	1	2.7"
"ciemno	m	0	1	1	-4.0"
"krĂłl	c	1	1	0	6.4"
"peĹ‚ny	m	1	1	0	6.0"
"wypaliÄ‡	c	1	1	1	-3.3"
"centrum	c	1	1	1	0.7"
"odtĹ‚uĹ›ciÄ‡	c	1	1	1	-1.0"
"data	c	1	1	0	-2.5"
"zdesperowany	m	0	1	1	-2.0"
"katar	c	0	0	0	-6.0"
"publicznie	c	0	1	1	-1.5"
"przywĂłdca	c	1	1	1	-3.8"
"plakat	c	0	1	0	2.9"
"felerny	m	1	0	0	-1.0"
"tragicznie	m	1	-1	-1	-5.4"
"poczÄ…tkowy	c	0	0	0	-7.0"
"pionierski	c	0	1	-1	-1.0"
"nowotwĂłr	c	1	-1	-1	-3.2"
"poczÄ…tkowo	c	0	1	1	-7.5"
"zakres	c	0	0	0	-2.7"
"trochÄ™	m	0	1	0	5.0"
"codzienny	c	1	1	0	2.4"
"odbieraÄ‡	c	1	1	0	-1.8"
"ideowy	c	1	-1	0	5.5"
"uszczelka	c	0	0	0	-1.0"
"bezcelowy	c	1	-1	0	-1.0"
"wierny	m	1	1	0	3.9"
"wymarzony	c	0	1	0	2.2"
"zastosowaÄ‡	c	0	-1	0	-1.5"
"okoĹ‚o	m	0	0	0	0.0"
"niewolnik	c	1	1	0	-1.5"
"maksymalny	c	0	0	0	-0.5"
"wÄ™dkarz	c	1	-1	0	-0.0"
"zniknÄ…Ä‡	c	0	-1	-1	0.4"
"kraina	c	1	0	0	0.0"
"forma	c	0	1	0	4.2"
"ĹĽywo	m	0	1	0	-0.5"
"przygasiÄ‡	m	1	-1	-1	-1.0"
"szczytnica	c	1	1	0	-1.0"
"pewno	c	0	1	0	5.3"
"pokazaÄ‡	c	1	1	1	5.0"
"gabinet	c	0	0	0	2.6"
"zaznajomiÄ‡	c	1	1	0	-1.0"
"wczesny	m	0	1	0	-2.6"
"drgawka	c	1	-1	-1	-7.0"
"typowo	c	1	-1	0	1.0"
"powiat	c	1	1	0	-1.9"
"dowcipny	c	1	1	1	-1.8"
"skromnie	c	1	1	2	-1.0"
"niesympatycznie	c	1	-1	-2	-1.0"
"wczeĹ›nie	m	0	-1	0	2.9"
"twĂłrca	c	0	1	0	3.7"
"skĹ‚adnia	c	0	1	0	-1.0"
"hala	c	1	1	0	0.0"
"przestÄ™pca	c	1	-1	0	-2.6"
"feministycznie	m	1	-1	-2	-1.0"
"dosĹ‚owny	m	0	0	0	-0.2"
"przeraĹşliwie	m	1	-1	0	-1.6"
"niesamowicie	c	1	1	2	-3.2"
"przystojny	m	1	1	2	-1.0"
"nadczynnoĹ›Ä‡	c	1	-1	-1	-3.0"
"kreska	c	0	-1	0	-2.8"
"nieodĹ‚Ä…czny	m	0	-1	-1	-4.0"
"uprawniÄ‡	c	0	0	0	-1.0"
"organ	c	0	0	0	-5.1"
"wiÄ™kszoĹ›ciÄ…	c	1	1	0	-1.0"
"pieczoĹ‚owicie	m	1	1	1	-1.0"
"spacerowaÄ‡	c	0	1	1	-4.6"
"jednokierunkowy	c	0	-1	-1	-1.0"
"oprzeÄ‡	c	0	1	0	3.0"
"gĹ‚adki	m	0	1	-1	-0.2"
"nuta	c	0	-1	0	-3.4"
"zainteresowaÄ‡	c	1	1	0	2.4"
"jednorazowy	c	0	0	0	-1.4"
"chÄ™tny	m	1	1	0	0.4"
"kraj	c	0	0	1	5.9"
"zapiÄ…Ä‡	c	0	0	-1	-0.0"
"nowoĹ›Ä‡	c	0	-1	0	-2.0"
"elastyczny	m	1	1	1	-3.6"
"poker	c	0	0	0	-1.0"
"trzecioklasista	c	1	0	-2	-1.0"
"doĹ›wiadczyÄ‡	c	1	1	0	-4.7"
"relacja	c	1	1	1	3.1"
"mikoĹ‚aj	c	0	1	0	-1.0"
"speszyÄ‡	c	1	-1	-1	-1.0"
"zadowalajÄ…cy	m	0	1	0	-0.0"
"samochĂłd	c	0	-1	0	4.3"
"ustawiaÄ‡	c	0	0	0	-1.8"
"cierpliwoĹ›Ä‡	c	1	1	1	-0.2"
"cudownie	m	0	0	0	8.1"
"ciekawski	m	1	-1	-2	-1.0"
"typowy	m	1	1	0	0.1"
"eksperyment	c	0	0	0	-4.5"
"lekkoĹ›Ä‡	c	1	1	-1	-1.3"
"lecznictwo	c	1	-1	0	-1.0"
"Ĺ›mierÄ‡	c	1	-1	-2	4.0"
"skazany	c	0	0	0	-3.5"
"elektryczny	c	0	0	0	-5.5"
"ruch	c	0	1	0	-3.3"
"trauma	c	1	1	-1	-4.9"
"mĂłj	m	0	0	0	11.1"
"internet	c	0	1	0	-0.7"
"dowĂłd	c	0	1	0	3.4"
"sypka	m	0	1	-1	-1.0"
"zegarek	c	0	-1	-1	-1.0"
"efekt	c	1	1	0	2.0"
"butla	c	0	0	0	-2.0"
"eksperymentalny	m	1	0	0	-3.0"
"koncertowo	m	1	1	2	-2.0"
"punkt	c	0	0	0	1.0"
"gĹ‚uchy	c	1	-1	1	-5.7"
"przetwĂłrstwo	c	1	1	0	-2.0"
"romans	c	1	1	-2	-1.0"
"obowiÄ…zkowo	c	0	0	0	-1.0"
"infantylny	m	1	-1	-2	-1.0"
"festyn	c	1	1	0	1.3"
"limeryk	c	1	-1	0	-1.0"
"oaza	c	0	0	0	-1.0"
"spotykaÄ‡	c	1	-1	0	6.5"
"setka	c	0	0	0	-3.0"
"katechetka	c	1	1	1	-1.0"
"hipolit	c	1	1	0	-1.0"
"spektakularny	m	1	1	1	-2.6"
"ankieta	c	0	1	0	2.3"
"biedny	c	1	1	0	2.1"
"uziemiÄ‡	c	0	0	1	-1.0"
"groziÄ‡	c	0	-1	0	-5.8"
"sukces	c	1	1	1	3.3"
"apetyt	c	1	1	1	-5.5"
"prawnik	c	1	1	0	-1.0"
"tekst	c	0	1	1	5.6"
"zatytuĹ‚owaÄ‡	c	0	0	0	-3.0"
"trwaÄ‡	c	0	1	1	0.8"
"mucha	c	0	-1	-1	-4.0"
"stabilnie	m	0	1	-1	-1.0"
"serwisowaÄ‡	c	1	1	0	-1.0"
"zĹ‚odziej	c	1	-1	0	-2.6"
"mieszanka	c	0	1	0	-2.6"
"niebezpieczny	c	1	1	2	-7.4"
"koszalin	c	1	1	0	-1.0"
"grabarz	c	1	1	-1	-1.0"
"Ĺ‚amliwy	m	1	1	0	-2.0"
"radykalnie	m	0	-1	0	-1.7"
"hodowla	c	1	1	-1	-1.0"
"elegancki	m	1	1	1	1.5"
"racjonalny	m	0	1	1	-2.1"
"przykryÄ‡	c	0	0	0	-0.5"
"styczeĹ„	c	0	1	0	1.2"
"dzieĹ‚o	c	1	1	2	9.0"
"dawny	m	0	0	1	7.0"
"zrobiÄ‡	c	1	1	0	4.6"
"kaktus	c	1	-1	0	-0.0"
"rozwaĹĽny	m	0	1	-1	-1.0"
"napÄ™dowy	c	0	0	0	-1.0"
"hanka	c	1	1	0	-1.0"
"dawno	c	0	0	-1	4.6"
"jednolity	m	0	0	0	-1.0"
"kawaĹ‚ek	c	0	-1	0	4.3"
"wniebowziÄ™ty	m	1	1	0	-0.0"
"ĹĽydowski	c	0	0	0	-4.1"
"wyĹ›mienicie	m	1	-1	2	-3.9"
"lekki	m	0	0	0	2.5"
"napiÄ…Ä‡	m	1	-1	0	-10.2"
"dziedziczyÄ‡	c	1	-1	-2	-2.6"
"wyksztaĹ‚ciÄ‡	c	1	1	0	-1.0"
"podciÄ…gaÄ‡	c	0	-1	-1	-1.0"
"lekarka	c	1	0	0	-2.0"
"Ĺ›wiÄ…teczny	c	0	0	1	1.1"
"rosyjski	c	1	-1	-1	-1.7"
"miĹ‚oĹ›niczka	c	1	1	0	-1.0"
"krzykliwy	m	1	0	0	-4.2"
"ulubiony	c	1	1	0	5.9"
"paĹ‚ac	c	1	1	0	-0.5"
"opĹ‚acalny	m	1	-1	-2	-1.0"
"podrĂłbka	c	1	1	-1	-1.0"
"fajny	m	1	-1	0	2.0"
"pech	c	1	1	0	-4.0"
"wyrĂłb	c	0	1	0	1.2"
"pstrokato	m	1	-1	-2	-1.0"
"grunt	c	0	0	0	0.2"
"stryj	c	1	1	0	0.2"
"reklama	c	0	1	0	6.4"
"wystawny	c	0	1	1	-1.0"
"dĹ‚oĹ„	c	0	-1	-1	1.9"
"mieszany	c	0	1	1	-1.0"
"dopowiedzieÄ‡	c	1	-1	0	-1.0"
"wpis	c	0	0	0	-2.0"
"cofnÄ…Ä‡	c	1	1	1	-7.5"
"udomowiÄ‡	c	1	-1	0	-1.0"
"zawieraÄ‡	c	0	0	0	-0.3"
"pieczenie	c	0	1	2	-4.6"
"kutas	c	0	1	0	-1.0"
"dziaĹ‚aÄ‡	c	1	1	1	1.6"
"teoretyczny	m	0	0	0	-0.8"
"kierowaÄ‡	c	0	-1	1	4.4"
"trĂłjkÄ…t	c	0	0	0	-2.0"
"seans	c	1	-1	0	-1.0"
"Ĺ‚atwoĹ›Ä‡	c	1	1	1	-2.5"
"Ĺ›wiÄ™ciÄ‡	m	0	0	0	-1.0"
"dodatek	c	1	-1	0	-1.0"
"czekolada	c	0	1	-1	-2.6"
"podawaÄ‡	c	0	-1	0	0.2"
"giÄ™tki	m	1	-1	-1	-2.0"
"parÄ™	c	0	0	0	3.7"
"nadmierny	c	1	-1	-1	-7.5"
"dziewiczy	m	0	0	0	-2.0"
"zajÄ…Ä‡	c	0	1	1	7.2"
"zrogowacieÄ‡	m	1	0	-1	-1.0"
"entuzjastyczny	m	1	1	2	-0.0"
"utalentowany	m	1	1	-2	1.5"
"wÄ™glowy	c	1	1	0	-2.6"
"przytĹ‚aczajÄ…co	m	1	-1	-1	-1.0"
"taka	m	0	0	0	-0.2"
"ignorancja	c	1	-1	-1	-2.0"
"potÄ™ĹĽny	m	1	1	-2	-1.3"
"wodnisty	m	0	-1	0	-1.0"
"naruszalny	m	0	0	1	-1.0"
"serdeczny	c	1	1	1	5.6"
"Ĺ›wiatowy	m	1	-1	0	-1.0"
"piÄ™knie	m	1	1	1	10.3"
"wilgotny	m	0	-1	1	-0.6"
"pozytywnie	m	1	1	0	-2.3"
"oniemiaÄ‡	m	1	1	-1	-1.0"
"repertuar	c	0	0	0	0.4"
"porywczo	m	1	-1	-1	-1.0"
"syndykat	c	1	-1	1	-1.0"
"popis	c	0	0	0	-0.0"
"projektor	c	1	-1	-1	-1.0"
"cytra	c	1	1	-1	-1.0"
"dorosnÄ…Ä‡	m	1	-1	-2	-3.6"
"wina	c	1	0	0	-2.5"
"sala	c	1	-1	0	3.6"
"wĹ›ciec	m	1	-1	0	-2.5"
"wprawiÄ‡	c	1	1	1	-1.0"
"inicjowaÄ‡	c	0	-1	0	0.5"
"komiczny	m	0	0	-2	-0.5"
"dojmujÄ…co	m	1	-1	-1	-3.0"
"podĹ‚amaÄ‡	c	1	1	1	-1.0"
"wybaczalny	m	0	0	0	-1.0"
"kufer	c	1	-1	-1	-1.0"
"specyficzny	m	0	0	0	-3.2"
"adresat	c	0	1	0	3.1"
"medytacja	c	1	1	0	-1.0"
"odrĂłĹĽnialny	m	0	0	0	-1.0"
"perwersyjny	c	1	-1	1	-1.6"
"niewÄ…tpliwy	c	1	1	2	2.3"
"znacznie	c	0	0	0	0.4"
"kolejny	m	0	1	0	3.2"
"dostawiÄ‡	c	0	1	1	-0.0"
"japoĹ„ski	m	1	1	1	-0.5"
"wieĹ›	c	0	1	0	1.4"
"poniedziaĹ‚ek	c	0	0	0	-0.2"
"rehabilitacja	c	0	0	0	-6.6"
"obco	m	1	-1	-1	-1.0"
"dalekosiÄ™ĹĽny	m	0	0	0	-2.0"
"wybrany	c	0	0	0	-0.0"
"literalnie	m	0	0	0	-1.0"
"szwajcaria	c	1	1	0	-1.0"
"odzyskaÄ‡	c	1	-1	0	-0.6"
"podwĂłjny	c	1	-1	0	-0.9"
"trÄ…dzik	c	1	-1	0	-1.0"
"sukienka	c	0	0	0	-1.6"
"zalecaÄ‡	c	0	-1	0	-5.1"
"ciÄ…ĹĽ	c	1	1	0	-1.0"
"dowĂłdca	c	0	1	0	-1.6"
"krzesĹ‚o	c	1	1	0	-1.0"
"wysoki	m	0	0	0	4.8"
"Ĺ›rednio	m	1	1	2	-5.6"
"przymiot	c	1	-1	0	-0.0"
"kontroler	c	1	1	0	-1.0"
"wysoko	m	0	0	0	4.4"
"merkel	c	1	1	0	-1.0"
"dosĹ‚ownie	c	0	-1	1	-3.7"
"ĹĽywy	m	1	1	0	3.9"
"Ĺ‚acny	m	0	0	0	-1.0"
"czepialska	m	1	1	0	-1.0"
"ksiÄ™gowoĹ›Ä‡	c	0	0	0	-1.0"
"pojÄ™Ä‡	c	1	1	0	-1.0"
"genialny	m	1	1	0	2.5"
"maciupki	m	1	1	-1	-1.0"
"innowacyjny	m	1	1	0	-0.0"
"czepialski	m	1	-1	-1	-1.0"
"oblÄ™ĹĽony	c	0	-1	0	-1.0"
"apteka	c	0	0	0	-0.3"
"prawda	c	1	1	1	6.3"
"bomba	c	1	1	0	-2.4"
"uczestnik	c	0	0	0	1.9"
"zabawnie	c	1	1	0	-2.0"
"rĂłwnomierny	c	0	0	1	-1.0"
"urokliwy	m	1	1	1	-1.0"
"osiÄ…gniÄ™cie	c	0	0	-1	2.8"
"republika	c	1	1	0	-4.0"
"zmusiÄ‡	c	1	0	0	-4.1"
"prezerwatywa	c	0	1	2	-1.0"
"banalnie	m	1	-1	-1	-1.0"
"zapas	c	0	1	0	-2.0"
"reguĹ‚a	c	0	0	0	-0.9"
"tryb	c	0	0	0	-6.3"
"moĹĽliwoĹ›Ä‡	c	1	-1	1	3.4"
"Ĺ‚Ä…cznik	c	1	1	1	-1.0"
"Ĺ›mieszny	m	1	-1	-1	2.7"
"zastanowiÄ‡	c	1	1	1	-2.9"
"monogamista	c	1	1	1	-1.0"
"sportowy	m	0	0	0	1.0"
"wĂłzek	c	1	1	0	-1.8"
"marnie	m	1	-1	-2	-2.6"
"ocaliÄ‡	c	1	1	1	1.9"
"ulegĹ‚y	c	1	-1	-1	-1.0"
"umiejÄ™tnoĹ›Ä‡	c	1	1	1	4.0"
"oryginalny	m	1	1	2	0.8"
"prĂłbka	c	0	0	0	-2.0"
"podĹ‚uĹĽny	m	0	0	0	-0.0"
"spory	c	1	1	0	2.9"
"ubiÄ‡	m	1	1	0	-1.0"
"zajmowaÄ‡	m	0	1	0	3.5"
"sport	c	1	1	2	3.1"
"zaczÄ…Ä‡	c	1	1	0	3.6"
"ksiÄ…ĹĽka	c	0	0	0	3.7"
"wÄ…tek	c	1	1	0	-2.1"
"rada	c	0	0	0	2.4"
"dĹ‚ugotrwaĹ‚y	m	0	0	0	-6.1"
"wypoĹĽyczyÄ‡	c	0	0	0	-2.0"
"rozgrywaÄ‡	c	0	1	0	-4.3"
"kolumna	c	0	0	0	-3.6"
"porzÄ…dny	m	1	1	1	1.5"
"mĹ‚odzieĹĽ	c	1	1	1	4.1"
"broĹ„	c	1	-1	-1	0.9"
"naroĹĽnik	c	1	1	0	-1.0"
"rady	c	1	1	0	-1.0"
"zachowaÄ‡	c	0	0	0	5.1"
"warszawski	m	1	0	0	-1.2"
"solipsystyczny	m	0	1	0	-1.0"
"august	c	0	1	0	-4.0"
"czoĹ‚Ăłwka	c	1	1	0	-4.0"
"atrapa	c	1	1	1	-1.0"
"posmak	c	1	-1	0	-3.0"
"kroĹ›no	c	0	1	0	-1.0"
"opakowaÄ‡	c	0	1	1	-1.0"
"terapeuta	c	0	1	0	-4.2"
"kandydat	c	1	1	0	-4.0"
"zaciÄ…Ä‡	m	1	-1	0	-2.0"
"prosperowaÄ‡	c	0	1	-1	-0.0"
"powiedzieÄ‡	c	1	1	0	5.1"
"ociÄ™ĹĽale	m	1	-1	-1	-1.0"
"opĂłĹşniÄ‡	c	0	-1	0	-3.0"
"bezbolesny	m	1	1	0	-5.5"
"reformatorski	m	1	1	1	-1.0"
"zdobiÄ‡	c	1	-1	-1	0.5"
"dawaÄ‡	c	1	1	0	4.1"
"niegrzeczny	c	1	-1	-2	0.3"
"wypaĹ›Ä‡	m	1	1	0	-3.8"
"grzeczny	m	1	1	1	3.1"
"odczuwaÄ‡	c	1	-1	0	-2.1"
"prokurent	c	0	1	0	-1.0"
"drogo	c	1	1	-1	-1.0"
"drogi	c	1	1	0	3.3"
"metaliczny	c	1	1	0	-2.0"
"ambicja	c	1	1	-1	-1.5"
"tortownica	c	0	1	0	-1.0"
"Ĺ‚ysy	c	0	-1	0	1.5"
"droga	m	1	1	0	4.4"
"klimat	c	1	1	1	5.0"
"pretekst	c	1	-1	-1	-4.4"
"sĹ‚awa	c	1	1	0	4.3"
"pole	c	0	1	0	2.1"
"wiÄ™zieĹ„	c	1	1	0	-4.0"
"zaspokoiÄ‡	c	1	-1	0	3.5"
"gubiÄ‡	c	1	-1	-1	-3.4"
"wietrznie	m	1	-1	0	-1.0"
"ludny	m	1	1	0	-1.0"
"wiec	c	1	1	0	-1.0"
"wraĹĽliwy	m	1	1	-2	-0.4"
"caĹ‚oĹ›Ä‡	c	0	-1	0	1.5"
"grono	c	0	0	0	1.0"
"wzajemny	m	0	1	0	-1.2"
"ciÄ…g	c	0	0	0	1.5"
"tworzyÄ‡	c	0	0	0	2.3"
"chudy	m	1	-1	-1	-4.2"
"pierwowzĂłr	c	1	-1	-2	-2.0"
"perfidny	m	1	-1	-2	-1.0"
"spotkaÄ‡	c	1	-1	0	5.4"
"ĹĽywioĹ‚owy	m	1	-1	1	-4.4"
"nerwica	c	0	0	0	-6.8"
"opĂłr	c	1	1	0	-4.2"
"wÄ™gieĹ‚	c	1	-1	0	-1.0"
"nizina	c	0	1	0	-1.0"
"niektĂłry	c	0	0	0	-1.6"
"wydarzenie	c	1	1	-1	-2.1"
"wstydliwy	c	1	-1	-2	-3.5"
"klika	c	1	-1	0	-1.0"
"osiÄ…gaÄ‡	c	0	0	0	-3.5"
"oznakowaÄ‡	c	0	0	-2	-0.0"
"odporny	m	1	1	2	-4.7"
"torba	c	0	-1	0	1.4"
"sytuacja	c	0	1	0	0.8"
"kompetentny	m	1	1	1	-0.0"
"kameralnie	m	1	1	1	-1.0"
"minister	c	1	1	1	0.6"
"wysportowany	m	1	1	-2	-1.0"
"nieprawdziwy	c	1	1	2	-2.6"
"zrozumieÄ‡	c	1	1	1	0.9"
"masaĹĽ	c	1	-1	0	-5.0"
"kolor	c	0	1	2	5.8"
"nieprzerwany	c	0	0	0	-2.0"
"zmyĹ›liÄ‡	c	1	1	0	-2.6"
"morski	c	0	0	2	-3.4"
"poszukiwany	c	1	1	-1	0.5"
"alternatywny	m	1	1	0	-3.9"
"liczny	m	1	-1	-1	0.6"
"bajecznie	m	1	1	2	-0.0"
"rzadki	m	1	1	0	-1.9"
"izrael	c	1	1	0	-1.0"
"winko	c	1	1	0	-1.0"
"moralny	m	1	-1	1	-0.5"
"zwiÄ…zek	c	1	1	1	-0.4"
"identyczny	m	1	1	1	-3.0"
"nieprawdopodobny	m	1	0	0	-1.5"
"swobodny	m	0	1	1	-1.6"
"caĹ‚kowity	m	0	-1	0	-1.9"
"ĹĽartobliwy	c	1	-1	0	3.9"
"ociepliÄ‡	c	0	0	0	-0.0"
"solidny	m	0	0	0	-0.4"
"stewardesa	c	0	0	0	-1.0"
"specjalista	c	0	0	1	-1.7"
"ojciec	c	0	-1	0	5.4"
"gĹ‚oĹ›no	c	1	-1	-1	0.4"
"kontynuacja	c	0	1	0	-1.0"
"tĹ‚usty	m	1	1	0	0.4"
"zrozpaczony	m	1	-1	1	-0.8"
"luksus	c	1	1	2	0.3"
"gĹ‚oĹ›ny	m	0	-1	-2	-1.2"
"jeĹ›Ä‡	c	0	1	0	2.5"
"sprawca	c	1	0	-2	-3.4"
"przekraczaÄ‡	c	0	0	0	-1.8"
"obiekt	c	0	0	0	6.3"
"miary	c	1	1	0	-1.0"
"gawÄ™dziarski	m	0	0	0	-1.0"
"fermentowaÄ‡	c	1	0	0	-1.0"
"oczywiĹ›cie	m	1	1	0	6.6"
"wykres	c	1	1	0	-3.6"
"ruszyÄ‡	c	0	1	0	-2.9"
"wilhelm	c	1	1	0	-1.0"
"podejmowaÄ‡	c	0	1	0	-2.3"
"umieĹ›ciÄ‡	c	0	0	0	-1.8"
"transcendentalny	m	0	1	0	-1.0"
"zdenerwowaÄ‡	c	1	-1	1	-5.1"
"wydĹ‚uĹĽyÄ‡	c	1	-1	-1	-2.0"
"akademik	c	1	1	1	-2.2"
"trudno	c	1	1	0	3.9"
"wyjĹ›Ä‡	c	0	0	0	0.3"
"wykluczyÄ‡	c	1	1	1	-4.4"
"ciaĹ‚o	c	0	1	0	3.3"
"jednakowy	m	0	1	0	-1.2"
"dostosowaÄ‡	c	0	1	0	-2.4"
"kukĹ‚a	c	1	1	-2	-1.0"
"mebel	c	1	0	0	1.9"
"ustrĂłj	c	1	-1	0	-5.9"
"bezpowrotnie	c	1	-1	0	-6.0"
"dziwaczny	m	1	-1	-1	-3.6"
"dyrektor	c	1	1	1	4.5"
"ziemski	m	0	1	1	1.3"
"aspoĹ‚eczny	m	1	1	-2	-3.0"
"kuba	c	1	1	0	-1.0"
"ostro	m	1	-1	-1	-5.8"
"powĂłd	c	0	-1	0	-0.5"
"bystry	m	0	-1	-2	-2.4"
"autoryzowaÄ‡	c	1	1	1	-1.0"
"rama	c	0	0	0	-0.3"
"robiony	c	0	0	0	0.5"
"metodyczny	m	0	0	1	-1.0"
"uwzglÄ™dniaÄ‡	c	0	0	0	1.0"
"rozmawiaÄ‡	c	1	1	-2	0.5"
"anachroniczny	m	1	-1	0	-1.0"
"ciekawie	c	1	1	1	-2.8"
"pijak	c	1	-1	0	0.5"
"prezydent	c	0	1	2	5.0"
"ĹĽÄ…dny	c	1	1	1	-2.9"
"endecki	m	0	0	0	-1.0"
"przesadnia	m	1	-1	-1	-4.0"
"przymus	c	0	-1	0	-2.9"
"bezmyĹ›lnie	m	1	-1	-1	-1.0"
"kilo	c	0	1	1	-1.0"
"koncepcja	c	0	1	0	-1.9"
"zakochany	m	1	1	0	-3.3"
"pomocnik	c	0	0	0	-3.4"
"awans	c	0	-1	0	-4.3"
"upewniÄ‡	c	1	1	2	-2.8"
"naturalnie	m	1	1	0	-2.1"
"okreĹ›liÄ‡	c	0	0	0	-1.9"
"bramka	c	0	0	0	-6.2"
"perspektywa	c	0	0	0	1.1"
"wyspa	c	0	1	0	3.4"
"mieszkaniec	c	0	-1	0	2.9"
"turystyczny	m	0	1	0	3.4"
"bliĹşniak	c	1	-1	0	-2.0"
"zatrudniÄ‡	c	0	-1	0	-3.5"
"litera	c	0	0	0	2.0"
"bujny	m	1	1	1	0.5"
"fajniutki	m	1	1	0	-1.0"
"blok	c	0	0	0	-3.5"
"dogodny	m	1	1	1	-5.0"
"przyzwyczaiÄ‡	c	1	-1	-1	-4.1"
"real	c	0	0	0	0.5"
"konkretnie	m	0	0	0	-4.6"
"neutralny	m	1	1	0	-1.0"
"lada	c	1	1	1	-1.5"
"przydroĹĽny	c	1	1	0	-0.5"
"kupowaÄ‡	c	1	0	0	0.5"
"poĹ‚Ä…czyÄ‡	c	0	0	0	1.4"
"puchaty	c	1	1	0	-1.0"
"wydaÄ‡	c	0	0	0	1.6"
"atrakcyjny	m	1	1	1	1.7"
"ĹĽyzny	m	0	0	0	-1.0"
"opole	c	0	0	0	-0.6"
"przypominaÄ‡	c	1	1	0	2.6"
"suma	c	0	0	0	1.6"
"praktyka	c	1	-1	0	0.0"
"samiec	c	1	1	0	-1.0"
"niezaleĹĽny	c	1	1	0	-0.1"
"ĹĽargon	c	1	0	0	-1.0"
"aktor	c	0	1	2	2.1"
"sĹ‚oĹ„ce	c	1	-1	-1	6.3"
"odrobina	c	1	1	0	-0.4"
"awangardowy	m	1	-1	-1	1.0"
"napotkaÄ‡	c	0	1	1	-2.4"
"czysty	m	0	1	-1	10.8"
"przytulny	m	1	1	2	2.0"
"kula	c	0	-1	0	-1.5"
"wĹ‚aĹ›ciciel	c	0	1	2	5.8"
"zaopatrzyÄ‡	c	0	1	0	-0.6"
"ciÄ™ĹĽko	m	1	1	0	-1.6"
"biuro	c	0	1	0	0.8"
"przeszkoda	c	0	1	0	1.5"
"tylny	c	1	1	0	-5.5"
"wspaniaĹ‚y	m	1	1	2	12.4"
"prymitywny	c	1	-1	-2	-2.6"
"zaniepokoiÄ‡	c	1	-1	0	-2.9"
"bĹ‚otnisty	m	0	-1	-1	-1.0"
"wĹ‚aĹ›ciwie	c	1	0	-2	4.6"
"kania	c	1	0	0	-1.0"
"miara	c	0	0	0	1.9"
"woleÄ‡	c	0	0	0	2.6"
"folgowaÄ‡	c	0	-1	0	-1.0"
"instynktowny	m	1	-1	0	-2.0"
"teoria	c	0	0	0	-0.9"
"chĹ‚opiÄ™cy	c	0	1	1	-2.0"
"intelektualnie	m	1	1	0	-1.0"
"sprzyjaÄ‡	m	1	0	0	-2.0"
"industrialny	m	0	0	1	-1.0"
"suchy	m	1	1	2	-1.9"
"piÄ…tek	c	0	0	0	-1.7"
"gwaĹ‚ciÄ‡	c	0	-1	1	-0.5"
"przygoda	c	0	-1	-1	0.2"
"ameryka	c	1	1	0	-1.0"
"lukratywny	c	1	1	1	-1.0"
"nieszczÄ™Ĺ›cie	c	1	-1	0	-0.8"
"efektowny	m	1	1	2	-1.0"
"praca	c	0	0	0	6.8"
"pancerny	m	1	-1	0	-1.6"
"wiza	c	1	-1	-1	-2.4"
"przyjacielski	m	1	-1	2	-3.0"
"bezrobotny	c	1	0	0	-4.6"
"nowoczesny	m	1	-1	-1	-0.5"
"zmartwienie	c	1	0	0	-4.2"
"ekscentryczny	m	1	-1	-1	-1.0"
"identyfikowaÄ‡	c	0	0	0	0.7"
"banalny	m	1	-1	-1	-1.5"
"odwiedzaÄ‡	c	0	-1	0	1.9"
"owocny	m	1	-1	1	-2.0"
"malowaÄ‡	c	0	1	1	8.0"
"wspomnieÄ‡	c	1	1	1	3.3"
"zdyszany	m	1	1	0	-2.6"
"udzielaÄ‡	c	0	0	0	-3.5"
"zĹ‚oty	c	1	-1	0	6.6"
"poĹ‚owa	c	0	0	0	0.9"
"kaĹ‚uĹĽa	c	0	-1	-1	-3.6"
"utylitarny	m	0	0	0	4.1"
"znajomy	m	1	1	0	4.3"
"przepchnÄ…Ä‡	c	1	0	-1	-1.0"
"sĹ‚uszny	c	0	1	0	-0.3"
"spokojnie	m	1	1	1	-3.5"
"prestiĹĽowy	c	1	1	0	-3.2"
"recepta	c	0	1	0	-3.6"
"chwila	c	1	0	-1	2.8"
"sprytny	c	1	1	0	-1.0"
"ryzykowny	m	1	1	1	-2.3"
"przytĹ‚aczaÄ‡	m	1	-1	-1	-0.0"
"znajomo	m	1	1	1	-1.0"
"obciÄ…ĹĽyÄ‡	c	1	-1	2	-5.4"
"kurhan	c	1	1	0	-1.0"
"wydajnoĹ›Ä‡	c	0	1	0	-3.0"
"gildia	c	0	0	0	-1.0"
"kultowy	m	0	0	0	0.5"
"porywajÄ…cy	c	1	1	1	-0.6"
"zstÄ™pny	c	1	-1	-1	-1.0"
"wiek	c	0	0	0	-2.1"
"pĹ‚ynny	m	0	0	0	1.9"
"odkrywczy	m	1	1	2	1.0"
"ktĂłryĹ›	c	0	0	0	-0.1"
"rozlec	m	0	0	0	-5.0"
"niedawno	c	1	-1	0	0.8"
"postanowiÄ‡	c	0	0	0	5.5"
"wiosennie	m	0	1	0	-1.0"
"nĂłĹĽka	c	0	-1	0	0.5"
"przedstawiÄ‡	c	0	1	0	2.9"
"operator	c	0	1	0	-3.6"
"wiecy	c	1	1	0	-1.0"
"przesÄ…dny	c	1	-1	0	-1.0"
"przewoziÄ‡	c	0	0	0	-2.0"
"zagĹ‚Ä™bie	c	1	1	0	-3.6"
"istnieÄ‡	c	1	1	2	2.2"
"wstrzÄ…s	c	1	-1	0	-5.7"
"bohater	c	1	-1	-1	3.1"
"staro	m	1	1	0	-2.0"
"wiecznoĹ›Ä‡	c	1	-1	0	-1.3"
"postaÄ‡	c	1	1	1	2.0"
"poduszka	c	1	1	0	-4.2"
"przystÄ™pny	m	1	1	1	-0.5"
"szczÄ™Ĺ›liwy	m	1	1	1	5.3"
"obojÄ™tnie	m	0	1	0	-4.8"
"wyrok	c	0	1	0	-7.8"
"stary	c	1	0	0	5.6"
"zjadliwy	m	1	1	1	-3.6"
"karciÄ‡	c	1	-1	0	-1.0"
"liberalny	m	1	1	-2	-1.0"
"pogorszyÄ‡	c	1	1	0	-4.0"
"czÄ™sto	m	1	-1	0	-1.0"
"uĹĽytkowaÄ‡	c	0	0	0	2.1"
"suczy	c	1	-1	-1	-1.0"
"gĹ‚upio	m	1	-1	-1	-2.2"
"architekta	c	1	1	0	1.8"
"garnitur	c	0	1	0	5.1"
"czÄ™sty	m	1	-1	0	-3.6"
"certyfikat	c	0	1	0	-3.0"
"transformowaÄ‡	c	0	0	0	-1.0"
"epilog	c	1	1	0	-1.0"
"lufa	c	0	-1	0	-2.6"
"uzupeĹ‚niÄ‡	c	0	-1	0	-3.2"
"zastrzeĹĽenie	c	1	1	0	-1.4"
"adopcja	c	0	1	0	-0.0"
"nienormalny	c	1	-1	-2	-3.0"
"przestrzegaÄ‡	c	1	1	0	-3.0"
"rozgarniÄ™ty	m	1	1	1	-1.0"
"chwytliwy	m	1	1	2	-1.0"
"kontrastowy	m	0	0	0	1.5"
"miĹ‚oĹ›Ä‡	c	1	0	0	7.8"
"troszkÄ™	m	0	0	-1	2.8"
"szarawy	c	0	0	0	-1.0"
"zdechnÄ…Ä‡	m	1	-1	-2	-1.0"
"walka	c	1	1	1	1.0"
"karaÄ‡	c	1	-1	-1	-3.6"
"Ĺ›ciana	c	0	1	1	2.8"
"liniowy	c	0	0	0	-1.0"
"poglÄ…d	c	1	-1	2	0.8"
"dostatecznie	c	0	0	0	-2.4"
"altana	c	0	1	0	-1.0"
"zjadaÄ‡	c	0	-1	0	-2.8"
"identycznie	m	0	0	0	-1.0"
"prawy	c	1	1	0	-1.0"
"film	c	0	0	1	5.4"
"gĹ‚owa	c	1	1	-1	2.0"
"bojowo	m	0	0	0	-1.0"
"aktorka	c	1	1	0	-2.3"
"interwencja	c	1	-1	-1	-6.1"
"zaĹ‚oga	c	1	-1	0	-2.7"
"dziedziczny	c	1	-1	0	-3.4"
"cicho	m	1	0	0	-1.9"
"podmiejski	c	0	1	0	-2.0"
"powszechny	m	0	0	0	-1.2"
"nienaturalnie	c	1	-1	0	-1.0"
"wynalazek	c	1	-1	0	-1.0"
"trasa	c	0	0	0	0.6"
"rozmowny	m	1	1	-1	-1.0"
"religia	c	1	1	0	0.8"
"bezwarunkowo	m	0	1	1	1.5"
"ukryÄ‡	c	1	1	0	0.9"
"bezpĹ‚ciowy	m	1	-1	-1	-1.0"
"nakĹ‚adaÄ‡	c	0	0	0	-4.1"
"gran	c	0	0	0	-1.0"
"cichy	m	1	1	-1	0.2"
"zdumiewajÄ…cy	m	1	1	0	-0.6"
"przenosiÄ‡	c	0	0	0	-1.7"
"troskliwy	m	1	1	2	2.9"
"zamkniÄ™ty	c	0	0	0	-2.2"
"symbol	c	0	0	0	4.3"
"propozycja	c	1	1	-1	0.0"
"przydatny	m	1	1	2	-1.7"
"ewangelia	c	0	0	0	-0.9"
"mocowaÄ‡	c	1	1	0	-0.0"
"uĹĽytkownik	c	1	1	0	4.0"
"grupa	c	0	-1	1	1.1"
"przycisk	c	0	0	2	-1.2"
"polak	c	0	-1	2	-1.0"
"dociekliwy	m	1	-1	-2	-1.0"
"sĹ‚yszeÄ‡	c	1	1	0	3.7"
"naleĹĽycie	c	1	1	0	-0.6"
"siostra	c	1	1	0	1.4"
"osada	c	1	1	0	-3.0"
"studio	c	1	1	2	0.4"
"masa	c	0	-1	0	-2.1"
"Ĺ‚omotaÄ‡	c	0	0	0	-1.0"
"trzymaÄ‡	c	1	-1	-1	5.2"
"rachunek	c	0	-1	0	-2.1"
"karkoĹ‚omny	m	1	0	0	-1.0"
"dochĂłd	c	0	0	0	-5.4"
"anonimowy	m	1	1	1	3.7"
"ostentacyjny	m	1	-1	-1	-2.0"
"adam	c	1	1	0	-1.0"
"miÄ™kki	m	0	1	0	1.5"
"pruderyjny	m	1	-1	-1	-1.0"
"duĹĽa	c	1	1	0	-1.0"
"poprawiÄ‡	c	1	1	0	-2.4"
"azja	c	1	1	0	-1.0"
"dorobek	c	0	0	0	0.8"
"moĹ‚dawia	c	1	1	0	-1.0"
"zdjÄ™Ä‡	c	1	1	0	-1.0"
"jajo	c	1	1	0	-5.2"
"matka	c	1	1	-1	2.7"
"niepowtarzalny	c	0	0	2	-1.6"
"poezja	c	0	0	1	5.9"
"piÄ…tka	c	0	0	0	-4.0"
"wpĹ‚yw	c	0	0	0	-4.0"
"olbrzymieÄ‡	m	0	0	0	-1.0"
"miÄ™ciutki	m	1	1	-1	-1.0"
"Ĺ‚atwy	m	1	-1	-1	2.8"
"akord	c	1	1	0	-1.6"
"oĹ›rodek	c	1	1	0	-1.6"
"zamiar	c	1	-1	0	-1.5"
"uniwersalnie	m	0	0	0	-1.0"
"nastÄ™pny	c	0	0	0	0.8"
"rĂłwnowaga	c	0	1	0	-7.8"
"przenoĹ›nia	c	0	1	0	-2.0"
"nora	c	0	0	0	1.0"
"program	c	1	-1	-2	1.4"
"przeciwnik	c	1	-1	0	-0.9"
"Ĺ‚atwo	m	1	0	-1	2.5"
"koĹ‚owy	m	1	1	0	-1.0"
"bezcielesny	m	1	-1	-1	-1.0"
"aktywny	m	1	1	0	-2.6"
"te	m	1	1	1	-0.0"
"obĹ‚awiaÄ‡	c	1	1	2	-1.0"
"aktualizowaÄ‡	c	0	0	0	-1.0"
"mleczny	c	0	1	0	-3.6"
"kolorowo	m	0	1	0	-0.0"
"bezchmurny	m	0	1	0	-1.0"
"ferie	c	1	1	0	1.0"
"polecaÄ‡	c	1	1	0	3.8"
"zamoĹĽny	c	1	1	1	1.0"
"zauwaĹĽyÄ‡	m	1	-1	0	-0.2"
"komputerowy	c	0	0	0	-3.3"
"skomplikowaÄ‡	c	0	-1	-1	-2.0"
"encyklopedyczny	m	0	0	0	-1.0"
"poznawaÄ‡	c	0	1	1	1.5"
"kolorowy	m	0	1	1	6.9"
"zmierzyÄ‡	c	0	0	0	-2.9"
"wymagalny	m	0	0	0	-1.0"
"fala	c	0	0	-2	-2.5"
"wirtualny	c	1	1	1	-3.0"
"statyczny	m	0	0	0	-1.0"
"ciÄ…gle	m	0	0	0	0.2"
"naboĹĽeĹ„stwo	c	1	1	0	-2.0"
"gruba	m	1	-1	0	-0.0"
"wylewny	m	1	1	-1	-1.0"
"odĹ›wiÄ™tny	m	1	1	1	-1.0"
"anegdota	c	1	1	0	2.1"
"sporo	c	1	1	0	0.6"
"subtelny	m	0	0	0	4.2"
"autentyczny	m	0	0	0	5.4"
"meczÄ…c	c	1	1	0	-1.0"
"mile	c	0	1	1	1.0"
"nadzieja	c	1	1	0	6.0"
"nazwa	c	0	-1	0	5.0"
"ogromniasty	m	1	-1	-1	-1.0"
"komiksy	c	1	1	0	-1.0"
"fotografia	c	1	1	1	5.0"
"zasadziÄ‡	c	0	1	1	-1.0"
"dĹ‚ugowieczny	m	1	1	1	-1.0"
"odjazd	c	1	0	0	0.5"
"Ĺ›wieĹĽo	m	1	1	2	-1.6"
"anonim	c	1	1	1	-3.0"
"mÄ…czny	m	0	0	0	-1.0"
"chĹ‚onny	m	0	1	0	-3.6"
"stres	c	1	-1	-1	-7.8"
"widownia	c	1	1	0	1.9"
"systematycznie	c	0	-1	0	0.7"
"czechy	c	1	1	0	-1.0"
"owieczka	c	1	1	2	-1.0"
"poszkodowany	m	0	-1	-2	-2.2"
"Ĺ›wieĹĽy	m	0	1	0	-0.7"
"zabieraÄ‡	c	1	1	0	2.1"
"staroĹĽytny	c	1	0	0	-0.0"
"zameldowaÄ‡	c	1	-1	1	-0.5"
"importowaÄ‡	c	0	0	0	-1.0"
"milimetr	c	0	0	0	-0.0"
"wypĹ‚ynÄ…Ä‡	c	0	0	0	-0.5"
"wywoĹ‚aÄ‡	c	1	-1	0	-3.4"
"Ĺ›nieg	c	1	-1	-1	0.8"
"rĂłwnia	c	0	1	0	-1.0"
"przewidywaÄ‡	m	0	1	0	-5.5"
"wymyĹ›lny	m	1	1	-1	-1.0"
"patetyczny	m	0	0	0	-0.0"
"urzÄ…dzenie	c	0	1	1	-1.8"
"powolny	m	0	0	-1	-6.2"
"chorÄ…giewka	c	1	1	0	-1.0"
"odlegle	m	1	-1	-1	-1.0"
"Ĺ›lad	c	0	1	-2	-1.2"
"jednodniowy	c	0	0	0	-1.0"
"marnotrawstwo	c	1	1	0	-2.0"
"przestronny	m	0	1	2	1.5"
"zupeĹ‚noĹ›Ä‡	c	1	1	0	-2.0"
"dĹ‚ugo	m	1	1	0	2.8"
"strona	c	0	1	-1	5.2"
"zmieniÄ‡	c	1	-1	-1	4.1"
"hazardzista	c	1	1	1	-1.0"
"dziaĹ‚	c	1	1	0	-3.6"
"samokrytyczny	m	1	1	2	-1.0"
"osobliwy	m	1	1	0	-2.6"
"wpĹ‚ywowy	m	1	1	2	-1.6"
"owy	m	1	1	0	-1.0"
"przeprowadzaÄ‡	c	1	1	1	-6.6"
"umieszczaÄ‡	c	0	0	0	0.3"
"wpĹ‚ywowa	c	1	1	0	-1.0"
"powalaÄ‡	c	1	-1	-1	-1.0"
"stresowaÄ‡	c	0	-1	0	-6.4"
"stworzyÄ‡	c	0	1	1	5.9"
"bĹ‚yskawicznie	c	1	-1	-2	-1.9"
"orientalny	m	0	-1	0	-0.0"
"szczurkowaty	m	1	1	0	-1.0"
"smakowity	m	1	-1	-2	-1.0"
"istny	c	1	-1	1	-0.6"
"tytuĹ‚	c	0	0	0	1.1"
"zawsze	m	1	-1	0	5.7"
"utrwaliÄ‡	c	0	0	0	-3.0"
"mediator	c	0	0	0	-1.0"
"integracja	c	0	0	0	-4.6"
"wymysĹ‚	c	1	1	1	-1.0"
"siadaÄ‡	c	0	1	0	-1.8"
"gÄ™sty	m	0	0	1	-3.2"
"zadaniowy	m	0	0	0	-1.0"
"spojrzenie	c	1	-1	0	0.0"
"smak	c	1	1	2	6.6"
"adresowaÄ‡	c	1	1	-1	-1.0"
"sĹ‚uĹĽyÄ‡	c	0	-1	0	5.5"
"cieĹ„	c	0	1	0	0.2"
"biologiczny	c	0	1	0	-5.0"
"tolerancyjny	m	1	1	0	-1.0"
"tajemniczy	m	1	-1	-1	-0.1"
"Ĺ›wietnia	m	1	-1	-1	-0.8"
"droĹĽny	m	1	1	2	-1.0"
"pozbawiÄ‡	c	0	0	-2	-2.8"
"Ĺ›wietnie	c	1	-1	0	4.2"
"Ĺ›wieĹĽoĹ›Ä‡	c	1	1	1	-0.6"
"podgatunek	c	1	1	-1	-1.0"
"chrzeĹ›cijaĹ„stwo	c	0	1	1	-0.8"
"pediatra	c	0	-1	0	-1.0"
"bezpoĹ›rednio	m	0	1	0	-3.9"
"miÄ™so	c	1	1	0	-1.6"
"znawca	c	1	0	-1	-3.0"
"redukcja	c	0	0	0	-6.3"
"dydaktyczny	m	0	1	1	0.5"
"przesadziÄ‡	c	1	1	-1	-3.0"
"odwieczny	m	0	0	0	-0.0"
"pismo	c	0	1	0	1.7"
"barwny	m	1	1	1	1.0"
"okreĹ›lony	c	0	0	0	-0.2"
"sĹ‚owo	c	1	-1	-1	8.1"
"wrĂłĹĽek	c	1	1	-1	-1.0"
"intymnie	m	0	0	0	-1.0"
"cĂłrka	c	0	-1	-1	3.5"
"zarezerwowaÄ‡	c	0	1	-1	-1.0"
"myĹ›leÄ‡	c	1	-1	-1	5.4"
"sielankowy	m	1	1	-1	-1.0"
"zdrowy	m	1	1	2	6.4"
"wspaniale	m	0	0	0	5.2"
"otwarty	m	0	0	0	2.5"
"cenzurowany	c	1	-1	1	-1.0"
"damski	c	1	1	-1	-3.0"
"gĂłralski	c	1	0	0	1.0"
"naiwny	m	1	-1	-1	1.3"
"nutka	c	0	0	0	-2.0"
"skazaÄ‡	c	0	-1	-1	0.4"
"wĹ‚aĹ›ciwoĹ›Ä‡	c	0	1	1	0.1"
"pesymistyczny	m	0	0	0	-1.0"
"ponury	c	0	-1	-1	-5.6"
"egoistka	c	1	-1	0	0.5"
"fantastycznie	m	1	1	2	1.8"
"rozprÄ™ĹĽny	m	0	1	0	-1.0"
"czubek	c	1	1	0	-2.8"
"dojrzale	m	1	1	1	-0.7"
"wokalistka	c	1	1	1	-0.0"
"zabiÄ‡	c	1	-1	0	-2.6"
"allegro	c	1	1	-1	-1.0"
"niesprawny	c	1	1	1	-2.0"
"dusza	c	0	1	-1	3.4"
"triada	c	0	0	0	-1.0"
"rozpoczÄ…Ä‡	c	1	0	1	-1.3"
"fotograficzny	c	1	1	1	1.9"
"przygnÄ™biaÄ‡	m	1	-1	-1	-2.0"
"szczegĂłlnie	c	0	-1	0	3.6"
"rekomendacja	c	0	0	0	-2.0"
"skrypt	c	0	0	0	-2.0"
"peĹ‚nia	c	0	-1	1	6.2"
"pompa	c	0	1	0	-3.6"
"naftowy	c	1	1	0	-2.5"
"hugo	c	1	1	0	-1.0"
"barszcz	c	1	1	-1	-1.0"
"plastikowy	m	1	1	1	0.2"
"rozkosznie	m	1	-1	2	-1.0"
"pĹ‚ochliwy	m	1	-1	-1	-2.0"
"jednoznaczny	m	1	1	0	-1.0"
"demokratyczny	m	1	1	1	-5.1"
"przykĹ‚ad	c	1	1	0	3.8"
"podziw	c	1	-1	0	8.0"
"trwaĹ‚y	m	1	1	1	-0.9"
"wrĂłg	m	1	1	-1	-0.5"
"kaczyĹ„ski	c	1	1	0	-1.0"
"reprezentowaÄ‡	c	0	1	0	0.1"
"bezpĹ‚atny	m	1	1	-2	0.5"
"Ĺ›wiadek	c	0	1	0	-3.1"
"tamten	c	0	1	0	0.7"
"odnieĹ›Ä‡	c	0	1	1	-6.4"
"luksusowy	m	1	1	0	1.0"
"bezkarnie	m	1	1	1	-3.6"
"sierĹ›Ä‡	c	0	0	0	-0.5"
"powszechnie	c	0	1	0	1.0"
"ognisty	m	0	1	0	-3.0"
"sprzedawca	c	1	-1	0	2.3"
"niezwykĹ‚y	c	1	-1	-1	5.7"
"transportowaÄ‡	c	0	0	0	-1.0"
"normalnie	m	1	1	0	-3.5"
"energiczny	m	1	1	1	-2.6"
"wiÄ™ziÄ‡	c	1	-1	0	-1.0"
"wyspany	m	1	-1	2	-2.0"
"czĹ‚owiek	c	1	1	-2	4.1"
"uĹ›miechniÄ™ty	c	1	1	2	2.5"
"prĂłba	c	1	1	1	1.6"
"prawdziwie	m	1	1	0	4.9"
"kontynent	c	0	1	0	-4.2"
"zaskakujÄ…co	m	0	0	2	-0.0"
"przedsiÄ™biorca	c	1	1	0	-3.9"
"Ĺşrebak	c	0	0	0	-1.0"
"ustaliÄ‡	c	0	0	1	-3.0"
"organizacja	c	0	0	0	-2.2"
"karnawaĹ‚owy	c	1	1	-1	-1.0"
"faĹ‚szywy	c	0	0	0	-2.8"
"wyciÄ…g	c	0	1	1	-4.0"
"wielokrotnie	c	1	1	0	-0.8"
"mĹ›ciwy	m	1	-1	-2	-3.6"
"pracodawca	c	0	0	0	-4.4"
"umiarkowany	m	1	-1	0	-2.3"
"rozrywka	c	1	1	0	3.0"
"Ĺ‚apczywy	m	1	-1	-2	-1.0"
"obliczalny	m	0	0	-1	-1.0"
"szczekliwy	m	1	-1	-1	-1.0"
"utopiÄ‡	c	1	1	0	-0.5"
"ozdoba	c	1	1	0	1.8"
"wieĹĽa	c	0	1	0	-1.9"
"nagroda	c	1	1	1	8.1"
"podrÄ™cznik	c	0	1	1	-2.2"
"kulturalny	m	1	1	0	5.4"
"trywialny	m	1	-1	-1	-2.4"
"pobieraÄ‡	c	0	0	0	-3.7"
"rÄ™kaw	c	1	-1	1	-3.2"
"Ĺ›wiadomy	m	1	1	0	-0.4"
"rewolucyjny	m	1	1	0	-2.6"
"filip	c	1	-1	-1	-1.0"
"przeĹ›liczny	c	1	1	0	2.5"
"przedstawiciel	c	1	-1	1	-0.4"
"html	c	1	1	0	-1.0"
"objaw	c	1	1	-1	-11.5"
"dziupla	c	0	1	0	-1.0"
"istota	c	0	1	0	2.2"
"lato	c	0	0	0	2.2"
"nietykalny	m	1	1	-1	-2.0"
"filia	c	1	1	1	-2.0"
"brzoza	c	0	1	0	-0.0"
"genetyczny	c	1	-1	0	-4.4"
"gorliwy	m	1	1	-1	-2.6"
"zwiÄ™kszyÄ‡	c	1	1	0	-4.5"
"inspirowaÄ‡	m	0	1	1	1.9"
"publikacja	c	0	0	0	-4.5"
"konsekwentny	m	0	1	2	-0.2"
"poniĹĽaÄ‡	m	0	1	0	-3.3"
"siĹ‚a	c	1	1	0	4.1"
"miastowy	m	1	-1	0	-0.0"
"nabity	m	1	-1	0	-1.0"
"przechowaÄ‡	c	1	-1	-1	-1.0"
"dyskusyjny	m	0	1	0	-1.0"
"uroczyĹ›cie	m	1	1	-1	-0.5"
"zabawny	m	1	1	-2	0.6"
"jasnowidz	c	0	0	1	-1.0"
"koĹ›ciĂłĹ‚	c	0	1	0	4.2"
"rzetelny	c	0	1	0	-1.6"
"jednostka	c	0	0	0	-2.5"
"wiadomoĹ›Ä‡	c	1	1	0	-0.2"
"zapĹ‚odniÄ‡	c	1	-1	0	-0.0"
"przyjazd	c	1	-1	0	1.3"
"pomarszczyÄ‡	c	0	-1	-1	-1.6"
"zapiec	m	1	-1	0	-2.0"
"Ĺ‚amaÄ‡	c	0	1	0	-0.9"
"wliczyÄ‡	c	1	1	1	-1.0"
"powĹ›ciÄ…gliwy	m	1	0	-1	-1.5"
"zaciszny	c	1	1	0	-2.0"
"spĂłĹ‚ka	c	0	0	1	-4.5"
"widoczny	m	0	1	0	2.2"
"idea	c	0	1	0	4.5"
"widzieÄ‡	c	1	1	0	4.7"
"dwulatek	c	1	1	0	-1.0"
"posaĹĽny	c	1	1	0	-1.0"
"odpowiedĹş	c	0	1	1	0.5"
"przekreĹ›laÄ‡	c	0	-1	0	-1.0"
"etat	c	0	1	0	-4.2"
"drobno	c	1	0	0	-2.0"
"instruktor	c	0	1	0	2.5"
"nawigacja	c	0	0	0	-1.0"
"podejĹ›Ä‡	c	1	1	0	1.8"
"szczÄ™Ĺ›liwie	m	1	1	-1	-0.3"
"Ĺ›rodowisko	c	0	0	0	-1.1"
"tradycja	c	1	1	0	4.3"
"luty	c	0	1	1	1.4"
"zarzÄ…d	c	0	0	0	-1.3"
"drobny	m	1	1	-1	-0.9"
"jednostronny	m	0	-1	0	-3.0"
"stracony	c	0	-1	0	-5.2"
"pikantny	m	0	0	0	-1.0"
"wskazany	c	0	0	0	-1.4"
"szalenie	m	1	1	0	-5.0"
"konflikt	c	1	-1	0	-5.6"
"staroĹ›Ä‡	c	1	1	1	-2.3"
"naciĹ›niÄ™cie	c	1	1	0	-1.0"
"skory	m	1	1	1	-1.0"
"napisaÄ‡	c	0	-1	1	5.5"
"wytchnienie	c	1	1	1	-2.6"
"domena	c	0	0	0	-0.6"
"panierowaÄ‡	c	0	0	0	-1.0"
"fiat	c	1	-1	-1	3.0"
"badanie	c	0	0	0	-5.3"
"przepiÄ™knie	m	0	1	2	-0.0"
"nieostry	c	0	0	-1	-1.0"
"kusiÄ‡	m	1	1	0	-3.0"
"nudziarz	c	1	-1	2	-1.0"
"wĹ‚Ä…czyÄ‡	c	1	1	0	-1.9"
"chusta	c	0	0	1	-2.6"
"krzta	c	1	1	1	-1.0"
"chodziÄ‡	c	1	1	0	7.1"
"jednorodny	c	0	0	0	-1.0"
"oponiak	c	1	1	0	-1.0"
"karteczka	c	0	0	0	1.8"
"jakiĹ›	m	0	1	0	5.4"
"alkoholiczka	c	1	1	0	-2.0"
"student	c	1	1	0	1.4"
"nieunikniony	m	0	0	0	-5.2"
"ubezpieczony	c	0	0	0	-2.0"
"sensowny	m	1	1	1	-0.0"
"grzebyk	c	0	1	-2	-2.6"
"synchronizacja	c	0	0	0	-1.0"
"malarstwo	c	1	0	0	0.7"
"warta	c	0	0	0	-0.6"
"tatar	c	0	0	1	-1.0"
"zorganizowaÄ‡	c	0	0	0	4.0"
"ulec	m	0	0	0	-5.0"
"dojĹ›Ä‡	c	1	1	-1	-1.6"
"pomagaÄ‡	c	1	0	0	1.5"
"bilon	c	1	-1	1	-1.0"
"zbytnio	c	1	1	0	1.0"
"ogniwo	c	0	0	0	-3.6"
"temperatura	c	0	0	0	-5.7"
"przyjemnoĹ›Ä‡	c	1	-1	0	9.5"
"zapaĹ‚	c	1	-1	-1	-1.2"
"odstÄ…piÄ‡	c	0	-1	0	0.5"
"wygĂłrowaÄ‡	c	1	1	2	-1.0"
"kanada	c	0	0	0	-5.4"
"globalny	m	1	-1	-2	-4.0"
"tata	c	1	1	2	2.1"
"norweg	c	1	1	0	-1.0"
"szczecina	c	0	0	0	-1.0"
"Ĺ›rodkowy	c	0	-1	0	-3.0"
"kopiowaÄ‡	c	0	1	0	-0.0"
"skuteczny	m	0	0	0	-1.6"
"twarzowy	m	1	1	1	-2.6"
"szĂłsty	c	0	0	0	0.3"
"nacisk	c	1	1	0	-0.8"
"dokĹ‚adnie	m	0	1	0	1.7"
"Ĺ›wiÄ…tecznie	m	0	0	0	-1.0"
"szlachcianka	c	1	1	0	-1.0"
"naprawa	c	0	0	0	-0.9"
"zainstalowaÄ‡	c	0	1	0	-3.0"
"ekskluzywny	m	0	0	0	0.5"
"niezĹ‚y	c	1	-1	2	-2.5"
"para	c	0	1	0	-0.9"
"poufaĹ‚y	m	1	-1	-1	-1.0"
"norma	c	0	0	0	-1.7"
"doskonale	m	1	1	2	7.0"
"park	c	1	1	0	7.0"
"przeĹ‚oĹĽyÄ‡	c	0	0	0	-2.6"
"prywatny	c	1	1	0	4.5"
"wĹ‚adczy	m	1	1	-1	-0.0"
"mama	c	1	-1	0	-0.4"
"niezbity	c	0	0	0	-1.0"
"markowski	c	0	1	2	-1.0"
"powoĹ‚any	m	0	0	0	-0.7"
"filmik	c	0	0	-1	0.5"
"wniosek	c	0	1	0	1.6"
"ciÄ™ĹĽarka	c	1	1	0	-1.0"
"napĂłj	c	1	1	0	-2.6"
"dzieciĹ„stwo	c	1	1	-1	-1.0"
"imponowaÄ‡	m	1	1	0	1.5"
"sezon	c	1	0	2	-5.8"
"dany	c	0	1	0	-1.7"
"pisarz	c	1	1	0	2.6"
"promienny	m	1	1	0	-1.0"
"kino	c	1	1	0	3.5"
"metoda	c	0	0	0	-2.3"
"obiecujÄ…cy	m	1	1	1	-5.0"
"orkiestra	c	1	-1	0	2.7"
"obdarzyÄ‡	c	1	1	0	4.8"
"przemoĹĽnie	m	0	0	0	-1.0"
"kategoria	c	0	0	0	1.0"
"narzÄ™dziownia	c	0	1	0	-1.0"
"grek	c	1	1	0	-0.0"
"konsumenty	c	1	1	0	-1.0"
"cukierkowy	m	0	-1	-1	-2.3"
"dyĹĽur	c	0	-1	0	-0.0"
"domowy	m	1	-1	0	0.0"
"popielaty	m	0	0	0	-1.0"
"krew	c	1	-1	1	-0.3"
"uzbrojony	c	1	-1	0	-3.0"
"zwiedzaÄ‡	c	0	0	0	1.3"
"wyposaĹĽyÄ‡	c	0	0	0	2.0"
"musnÄ…Ä‡	c	1	-1	0	-2.0"
"kĹ‚Ä™bek	c	1	0	0	-4.6"
"ukoĹ„czyÄ‡	c	0	1	0	-1.2"
"eksterioryzacja	c	0	1	0	-1.0"
"zwaliÄ‡	c	1	1	0	-3.0"
"krem	c	1	-1	-1	-1.5"
"zdrajca	c	1	1	0	-2.0"
"zapatrzony	m	0	-1	0	-1.0"
"autyzm	c	1	1	0	-3.9"
"kaĹĽdy	m	0	-1	-1	7.4"
"nieskazitelny	m	1	1	1	3.1"
"wydajny	m	0	1	0	-2.4"
"zaleĹĽny	m	0	0	0	-2.5"
"jedynak	c	0	1	-1	-0.0"
"budowaÄ‡	c	0	1	1	3.7"
"ladacznica	c	1	-1	-1	-1.0"
"wĹ‚asnoĹ›Ä‡	c	0	0	-1	0.1"
"wynik	c	1	1	0	2.1"
"hotel	c	0	1	0	-0.1"
"jerzy	c	1	1	0	-1.0"
"zwyciÄ™stwo	c	1	0	2	-2.9"
"roztropny	m	1	1	1	-1.0"
"prosto	c	1	1	2	3.4"
"dedykowaÄ‡	c	0	1	0	1.5"
"troczek	c	1	1	1	-1.0"
"ogĂłlny	m	0	-1	0	-0.9"
"rezydent	c	1	1	0	-1.0"
"odwrotny	c	0	0	0	-1.5"
"plan	c	0	1	0	3.0"
"maca	c	0	1	0	-0.0"
"spÄ™dziÄ‡	c	1	1	1	0.2"
"plac	c	0	0	0	3.3"
"wanilina	c	1	1	0	-1.0"
"frajda	c	0	1	2	-0.0"
"obiecaÄ‡	c	0	0	0	2.1"
"pobawiÄ‡	c	1	1	1	-0.0"
"odurzaÄ‡	m	1	-1	-1	-1.0"
"windows	c	1	1	0	-1.0"
"szczupĹ‚y	m	1	1	-1	-1.1"
"oskarĹĽyÄ‡	c	1	1	0	-5.4"
"niejednokrotnie	c	0	1	0	-5.8"
"sĹ‚yszalny	m	0	0	2	-1.0"
"opowieĹ›Ä‡	c	1	-1	-1	1.2"
"zakup	c	1	1	-1	2.8"
"nietypowy	c	1	0	0	-1.6"
"otwieraÄ‡	c	0	-1	-1	1.5"
"wymarĹ‚y	m	1	-1	0	-1.0"
"warszawiak	c	0	0	0	-0.0"
"uwaĹĽaÄ‡	c	1	1	0	2.9"
"sceptycznie	m	0	-1	0	-1.0"
"praktycznie	c	1	0	0	-1.7"
"robiÄ‡	c	0	0	1	4.7"
"Ĺ‚azienka	c	1	1	0	0.9"
"natchnienie	c	1	1	0	-1.8"
"absolutnie	m	0	0	0	3.5"
"wyszczekany	c	1	1	1	-1.0"
"idealny	m	0	0	0	2.4"
"idiota	c	1	-1	0	0.2"
"konto	c	1	1	1	-4.9"
"oceniaÄ‡	c	0	1	1	1.5"
"usatysfakcjonowaÄ‡	c	1	1	0	-0.0"
"udany	m	1	-1	1	2.9"
"ekstrawagancki	m	1	-1	-1	-1.0"
"drzwi	c	0	0	0	3.3"
"jedyny	m	1	0	0	4.6"
"Ĺ‚Ä…cznie	c	0	0	0	-1.7"
"represyjny	m	1	-1	-2	-1.0"
"ogĂłlnie	c	0	0	0	-1.0"
"kopenhaga	c	1	1	0	-1.0"
"komercyjny	m	1	1	0	2.5"
"budownictwo	c	1	1	0	-1.4"
"akcja	c	1	1	-1	3.5"
"tlenowy	c	0	0	0	-1.0"
"mechaniczny	m	0	0	0	-5.4"
"szczegĂłlny	c	0	0	0	3.2"
"zbieĹĽny	c	0	1	0	-0.0"
"skĹ‚onny	m	1	0	0	-3.2"
"lakiernik	c	1	-1	1	-1.0"
"zdolny	m	1	1	2	3.2"
"rozpoznaÄ‡	c	0	-1	2	-0.4"
"cholera	c	0	1	0	0.1"
"sila	c	0	-1	-1	-1.0"
"atrakcyjnie	m	1	1	2	-1.0"
"gospodarstwo	c	0	0	0	1.5"
"nieistotny	c	1	-1	-1	-1.0"
"stabilny	m	1	1	1	-4.2"
"antypolski	m	1	-1	-2	-1.0"
"zbiĂłrka	c	0	0	1	-0.5"
"odrzuciÄ‡	c	0	0	0	-0.6"
"wyprostowaÄ‡	m	1	-1	-1	-2.0"
"nabyÄ‡	c	0	-1	0	-1.5"
"koniecznoĹ›Ä‡	c	0	-1	0	-4.8"
"pÄ™knÄ…Ä‡	c	0	-1	0	-7.7"
"rzecz	c	0	1	0	7.4"
"mocny	m	1	1	1	3.7"
"Ĺ›wiÄ…tynia	c	0	-1	0	0.7"
"wyraĹşny	m	0	1	1	-0.9"
"miarodajny	m	0	0	0	-1.0"
"mocno	c	1	-1	0	7.4"
"bulka	c	0	1	1	-1.0"
"nieczytelny	c	1	0	0	0.5"
"przeĹĽyÄ‡	c	1	1	1	3.4"
"udawaÄ‡	c	1	1	-2	2.9"
"muskularny	m	1	-1	1	-1.0"
"Ĺ›wiÄ™ta	c	1	-1	0	-1.8"
"noĹ›ny	m	0	0	0	-2.0"
"siny	m	0	-1	0	-1.6"
"sĹ‚Ä™p	c	1	0	1	-1.0"
"jednoczeĹ›nie	m	0	0	0	1.3"
"klub	c	1	1	0	3.0"
"Ĺ›wiÄ™toszkowaty	m	1	-1	-1	-1.0"
"nieogarniÄ™ty	c	1	1	-2	-1.0"
"hipoteza	c	0	1	0	-2.5"
"Ĺ›wiÄ™ty	m	0	0	0	9.6"
"strachliwy	m	1	-1	-1	-1.0"
"przejrzysty	m	0	1	1	0.8"
"europa	c	1	1	0	-1.0"
"ostrzeĹĽenie	c	1	1	1	-2.6"
"ukrainiec	c	1	1	0	-1.0"
"numer	c	0	0	0	3.1"
"obowiÄ…zkowy	c	0	1	0	0.9"
"modry	c	0	1	1	-1.0"
"toroidalny	m	1	0	0	-1.0"
"wÄ™drĂłwka	c	0	1	0	-1.0"
"obserwator	c	1	1	1	-1.9"
"symboliczny	m	0	0	-1	3.8"
"zadowolony	c	1	1	1	1.7"
"klient	c	0	0	0	-3.6"
"stale	c	0	0	0	-1.8"
"formalny	m	0	1	0	1.1"
"kwota	c	0	0	0	-5.2"
"brzydki	c	1	-1	-2	3.7"
"brzydko	c	0	0	1	-0.5"
"celibat	c	0	-1	0	-2.0"
"usuwaÄ‡	c	0	0	0	-6.1"
"wizerunek	c	0	0	0	-2.3"
"wychudziÄ‡	m	1	-1	-1	-4.0"
"znikomy	m	0	0	1	-1.5"
"kopia	c	0	0	0	-0.8"
"czujny	m	0	1	1	-1.6"
"granica	c	0	-1	0	2.2"
"wiarygodny	m	1	1	1	-3.9"
"przekonaÄ‡	c	1	1	0	2.5"
"porÄ™czny	m	1	1	0	0.5"
"buĹ‚garia	c	1	1	0	-1.0"
"pomocny	m	1	1	-1	0.1"
"smoczy	c	1	-1	-1	-2.0"
"lubiÄ‡	c	1	1	-1	5.8"
"rozstrzygnÄ…Ä‡	c	0	0	1	-4.7"
"emisja	c	0	0	0	-3.0"
"przyjaĹşnie	c	1	1	1	1.1"
"mĂłzg	c	1	1	1	-6.2"
"dynamicznie	m	1	-1	0	-0.0"
"tysiÄ…c	c	0	1	0	5.2"
"zmienny	m	0	0	0	-4.0"
"nazwaÄ‡	c	1	-1	0	1.5"
"naraziÄ‡	c	0	-1	-1	-6.2"
"ludoĹĽerca	c	1	-1	0	-1.0"
"zasiÄ™g	c	0	0	0	-1.8"
"wĹ›cibski	m	1	-1	2	-1.0"
"zmÄ™czony	c	1	1	-2	-4.7"
"oddany	m	1	-1	0	7.9"
"rewelacyjnie	m	1	1	-1	-3.0"
"ozdobny	m	0	1	0	4.0"
"Ĺ›mietnik	c	1	1	1	-2.9"
"analogiczny	m	0	0	0	-6.4"
"rÄ™ka	c	0	1	0	1.4"
"czynnoĹ›Ä‡	c	0	1	0	-4.7"
"komputer	c	0	-1	0	1.6"
"filtr	c	0	0	-1	-3.6"
"wiÄ…zaÄ‡	c	0	1	0	-1.5"
"renegocjowaÄ‡	c	0	1	1	-1.0"
"odlotowo	m	1	1	2	-1.0"
"kajdanki	c	1	-1	2	-1.0"
"kojarzyÄ‡	c	1	-1	2	-3.4"
"jutro	c	0	0	0	-0.6"
"lekarstwo	c	0	-1	-1	-3.4"
"bieda	c	1	-1	2	-1.6"
"mnogi	m	0	0	0	-1.0"
"objÄ…Ä‡	c	0	0	0	2.2"
"sĹ‚odycz	c	1	1	-1	-0.5"
"osobny	m	0	1	0	0.2"
"podliÄ‡	m	1	-1	-2	-1.0"
"przywĂłdczyni	c	1	1	1	-1.0"
"kwadratowy	m	0	0	-1	1.3"
"uĹĽywaÄ‡	c	0	0	0	1.2"
"sprawiedliwoĹ›Ä‡	c	1	1	0	2.1"
"opisowy	m	0	1	0	-0.6"
"kruszonka	c	1	1	-2	-1.0"
"przyswajalny	m	0	1	0	-1.0"
"Ĺ‚udzÄ…co	m	1	-1	0	-1.0"
"projekt	c	0	1	0	3.3"
"lataÄ‡	c	1	1	2	-2.7"
"uderzajÄ…cy	m	1	-1	0	1.0"
"uginaÄ‡	c	1	1	0	-1.0"
"pĹ‚aski	m	0	0	0	-1.4"
"nauczyciel	c	0	1	0	0.7"
"urzÄ…d	c	0	0	0	0.8"
"niepozorny	m	0	-1	0	-2.0"
"szczegĂłlnoĹ›Ä‡	c	0	-1	0	1.2"
"gawÄ™dziarz	c	1	1	0	-1.0"
"niemiĹ‚y	c	1	1	1	-4.7"
"postrzegaÄ‡	c	1	1	0	-0.2"
"wĹ‚aĹ›nie	m	1	-1	2	6.8"
"wybredny	m	1	-1	-1	1.0"
"styl	c	0	0	0	4.7"
"kupiec	c	1	-1	0	1.1"
"wnikliwie	m	0	1	0	-0.0"
"pisownia	c	1	1	0	-1.0"
"uzyskaÄ‡	c	1	0	0	2.6"
"koalicja	c	1	1	0	-4.5"
"zepsuÄ‡	c	1	-1	-1	-2.8"
"olbrzymi	c	0	0	0	3.3"
"rodzic	c	0	-1	0	-5.2"
"znany	m	0	0	0	4.5"
"rozmieĹ›ciÄ‡	c	0	0	0	-3.9"
"rozciÄ™cie	c	0	0	0	-1.0"
"fraza	c	0	-1	0	-4.4"
"minimalizowaÄ‡	c	0	0	0	-3.0"
"wiedzieÄ‡	c	1	1	0	6.8"
"niezawodny	c	0	-1	-1	-0.0"
"obowiÄ…zany	m	0	0	0	-0.0"
"fantastyczny	m	1	-1	1	7.9"
"ludzie	c	1	1	-2	4.8"
"inspiracja	c	0	0	-1	-0.8"
"przygniataÄ‡	m	1	-1	-1	-3.0"
"Ĺ›wiat	c	0	0	0	7.1"
"komfortowy	m	1	0	1	-0.5"
"beznadziejnie	m	1	-1	-2	-1.3"
"moment	c	0	0	0	5.0"
"zwiastun	c	0	0	0	-3.6"
"zawziÄ…Ä‡	m	1	-1	-1	-1.0"
"zawiÄ…zka	c	0	1	0	-1.0"
"zaborczy	m	1	-1	-2	-1.0"
"sprzeczny	c	1	1	0	-3.5"
"ktĂłry	m	0	1	0	5.1"
"komfortowo	m	1	1	1	-1.0"
"konwencja	c	0	0	0	1.4"
"zaradny	m	1	1	1	-1.0"
"konkubinat	c	1	0	0	-1.0"
"smukĹ‚y	m	0	1	0	-0.5"
"niezgoda	c	1	1	0	-2.6"
"Ĺ›luz	c	0	0	0	-3.6"
"tĹ‚oczny	m	1	-1	-1	-1.0"
"ĹĽenada	c	1	1	-1	-2.6"
"obniĹĽyÄ‡	c	1	1	0	-5.4"
"wzĂłr	c	1	-1	0	4.3"
"motoryzacja	c	1	-1	2	-1.0"
"archiwum	c	1	1	2	-2.6"
"powodowaÄ‡	c	0	0	0	-7.0"
"przybyÄ‡	c	1	1	2	-3.8"
"konkret	c	0	1	0	-1.0"
"siedmiokrotnie	m	0	0	0	-1.0"
"kiepski	c	1	-1	0	-4.2"
"wypoczywaÄ‡	c	1	-1	0	-1.0"
"wrzuciÄ‡	c	1	-1	0	-1.5"
"smaczek	c	0	1	-1	-1.0"
"rynek	c	0	1	0	0.0"
"gĹ‚upota	c	0	-1	0	1.3"
"szampan	c	1	1	-1	0.3"
"piaszczysty	m	1	-1	-1	-1.0"
"utwĂłr	c	1	1	0	4.7"
"parzyÄ‡	c	1	1	-1	-3.8"
"obeznaÄ‡	m	1	0	0	-1.0"
"ogromny	m	1	1	2	6.7"
"wÄ…troba	c	1	-1	0	-7.2"
"waga	c	0	0	0	-1.1"
"patriota	c	1	-1	0	-0.2"
"oblubieniec	c	1	1	0	-1.0"
"zabrudziÄ‡	c	0	0	1	-1.0"
"kuchnia	c	1	0	0	4.9"
"wĹ‚och	c	1	1	0	-1.0"
"Ĺ›cisĹ‚y	m	0	0	0	-0.2"
"skanowaÄ‡	c	0	0	0	-2.0"
"namiÄ™tny	m	1	1	0	-1.6"
"ciec	m	1	-1	-1	-2.0"
"szuflada	c	0	-1	0	-2.4"
"zrozumiaĹ‚y	m	1	1	0	-3.1"
"bezbĹ‚Ä™dny	m	1	1	0	-0.0"
"wyrywny	m	1	-1	-1	-1.0"
"skala	c	0	0	0	-2.8"
"narzucaÄ‡	c	0	0	0	-0.3"
"zakoĹ„czony	c	0	1	0	-3.1"
"format	c	0	0	0	-1.6"
"wyĹ‚apywaÄ‡	c	1	1	1	-1.0"
"przebiec	m	0	0	0	-7.5"
"kobieco	m	1	1	1	-1.0"
"godny	c	0	1	0	6.3"
"spaÄ‡	m	0	1	0	-2.7"
"jasny	m	0	-1	1	2.4"
"pospieszny	m	1	0	-2	-3.0"
"ogĂłĹ‚	c	0	0	0	3.1"
"musieÄ‡	c	0	0	0	6.1"
"krysztaĹ‚owy	c	1	1	1	-1.0"
"kobiecy	m	0	1	1	5.1"
"skompresowaÄ‡	m	0	0	0	-1.0"
"akceptacja	c	1	1	-1	2.4"
"fanatycznie	m	1	-1	-2	-1.0"
"Ĺ›liczny	c	1	1	1	7.7"
"Ĺ›wiatĹ‚oĹ›Ä‡	c	0	1	0	-1.0"
"gorÄ…cy	c	1	1	0	2.8"
"lampa	c	1	-1	0	-2.4"
"sztywny	m	1	-1	0	-3.1"
"strategiczny	m	0	0	0	-5.0"
"technologia	c	0	0	0	-6.1"
"gorÄ…co	m	1	1	-1	3.8"
"podrzeÄ‡	c	1	-1	-1	-3.0"
"powtĂłrka	c	0	1	0	-2.6"
"sĹ‚uchacz	c	0	1	1	-0.6"
"rozlazĹ‚y	m	1	-1	-2	-1.0"
"krupnik	c	1	1	0	-1.0"
"wtajemniczyÄ‡	c	1	-1	0	-1.0"
"intelektualny	m	0	1	1	1.5"
"oferowaÄ‡	c	0	0	0	0.8"
"ciÄ™cie	c	0	-1	-1	-6.2"
"ruchomy	m	0	0	0	-2.0"
"zajebiĹ›cie	m	1	-1	0	-0.0"
"ciepĹ‚y	m	0	1	1	6.2"
"kopalnia	c	0	0	2	-4.4"
"niewaĹĽny	c	1	-1	-1	-2.5"
"uroczyÄ‡	m	1	1	1	-1.0"
"jabĹ‚ko	c	1	-1	1	1.0"
"fujarka	c	1	-1	0	-1.0"
"energia	c	0	1	0	0.2"
"ciepĹ‚o	m	1	1	0	3.5"
"decyzja	c	0	1	1	2.6"
"zachodni	m	0	0	0	-5.0"
"finansowaÄ‡	c	0	1	0	-5.4"
"smacznie	c	1	1	1	-1.0"
"maĹ‚o	m	1	1	0	0.3"
"pokĂłj	c	0	0	0	-1.1"
"idealnie	m	1	1	2	0.5"
"Ĺ›redniowiecze	c	0	1	0	-5.0"
"nastÄ™pujÄ…cy	c	0	0	0	1.1"
"ulepszyÄ‡	c	1	-1	-1	-1.0"
"leczyÄ‡	c	1	1	1	-4.8"
"bariera	c	0	0	0	-1.4"
"wycelowaÄ‡	c	0	1	1	-2.0"
"opiekun	c	1	-1	1	-2.2"
"iwona	c	1	1	0	-1.0"
"apostoĹ‚	c	0	0	0	-2.6"
"ekonomista	c	1	1	0	-2.8"
"przeciwwskazanie	c	1	1	0	-0.0"
"filozoficzny	m	1	1	0	1.3"
"ksiÄ…ĹĽÄ™	c	1	-1	0	3.4"
"zwyciÄ™ĹĽyÄ‡	m	1	1	0	-1.0"
"doszczÄ™tnie	m	0	-1	0	-2.0"
"namacalnie	m	0	0	0	-1.0"
"raziÄ‡	m	0	-1	-1	0.5"
"panienka	c	1	-1	0	0.4"
"reklamowaÄ‡	c	1	1	1	2.2"
"wygĂłrowany	m	0	-1	-1	-2.6"
"przyczepa	c	1	0	0	-1.0"
"tendencja	c	0	0	0	-4.1"
"rozespany	m	1	1	1	-1.0"
"kwiat	c	0	1	1	7.8"
"osoba	c	1	1	0	2.1"
"bezpoĹ›redni	m	0	0	0	-2.3"
"ignorowaÄ‡	c	1	-1	-1	-3.4"
"zdaÄ‡	c	1	1	2	1.5"
"bĹ‚yskotliwy	m	1	1	1	-3.0"
"ujawniaÄ‡	c	1	-1	-1	-5.3"
"zapeĹ‚niÄ‡	c	0	0	0	-3.0"
"komĂłrka	c	0	1	0	-5.8"
"pĹ‚atny	c	0	0	0	-0.0"
"Ĺ›ledĹş	c	1	-1	-1	-5.0"
"rĂłwnolegĹ‚y	m	0	1	0	-4.0"
"niezadowolony	c	1	1	0	-2.3"
"racja	c	1	0	0	3.1"
"czterokrotnie	m	0	0	0	-1.0"
"wykrywaÄ‡	c	0	-1	0	-3.4"
"kategoryczny	m	1	-1	-1	-0.0"
"wzmianka	c	0	0	0	1.0"
"obsĹ‚ugiwaÄ‡	c	0	0	0	-1.2"
"merytoryczny	c	0	1	0	-0.0"
"wacek	c	0	1	2	-0.0"
"brÄ…zowy	m	0	-1	-2	1.9"
"realny	m	0	0	0	-4.9"
"czepiec	c	0	-1	0	-1.0"
"sprzedawaÄ‡	c	1	1	1	1.1"
"ustawowo	c	0	1	0	-1.0"
"ocenzurowaÄ‡	c	0	0	0	-1.0"
"prosty	m	1	1	0	5.4"
"koloratka	c	1	1	1	-1.0"
"strĂłj	c	0	0	0	9.1"
"bios	c	0	-1	0	-1.0"
"dukat	c	0	1	0	-1.0"
"lekko	m	1	-1	0	1.5"
"bruk	c	1	1	0	-3.0"
"gimnazjum	c	1	1	0	2.1"
"wymusiÄ‡	c	0	0	0	-5.0"
"ĹĽaden	m	1	-1	0	5.7"
"pragmatyczny	m	1	1	1	3.0"
"pionowy	m	0	0	0	-3.0"
"uniwersalny	m	1	1	0	1.4"
"ciÄ…ĹĽa	c	0	-1	-1	-0.2"
"minimalny	m	0	0	0	-1.2"
"getto	c	0	1	1	-2.2"
"konieczny	c	1	1	0	-3.9"
"Ĺ›liski	m	0	-1	0	-5.7"
"nieĹ›wiadomy	c	1	1	0	-4.5"
"wstaÄ‡	c	1	1	0	-3.0"
"pastor	c	1	-1	-1	-3.6"
"kurwa	c	1	1	0	1.2"
"komornik	c	0	0	0	-2.0"
"kangurek	c	1	1	0	-1.0"
"opisywaÄ‡	c	0	-1	0	-5.7"
"dodatni	m	0	0	0	-3.0"
"narkotyk	c	1	1	-1	-5.5"
"starannie	m	1	1	0	-2.3"
"decydowaÄ‡	c	0	-1	0	-0.1"
"przyczepny	c	1	-1	0	-1.0"
"inicjatorka	c	1	1	1	-1.0"
"przyjemnie	m	1	1	1	3.5"
"produkcja	c	0	0	0	-3.6"
"aromatyczny	m	1	1	1	-2.0"
"spaliÄ‡	c	0	-1	0	-3.9"
"spiczasty	m	0	0	0	-1.0"
"adaptowaÄ‡	c	0	0	0	-1.0"
"normalny	m	1	1	0	-1.5"
"Ĺ›rut	c	0	1	0	-1.0"
"moĹĽliwy	c	1	1	0	2.9"
"wÄ…tpliwoĹ›Ä‡	c	1	1	0	5.1"
"bezwietrzny	m	1	0	0	-1.0"
"seks	c	1	1	0	0.3"
"drgaÄ‡	c	0	-1	-1	-4.0"
"sÄ…siedztwo	c	0	1	0	-3.1"
"rÄ…czka	c	0	-1	0	-2.0"
"wyjÄ…tek	c	0	1	0	-1.3"
"wĹ‚oĹĽyÄ‡	c	1	1	0	1.0"
"niekorzystny	c	1	1	-1	-5.9"
"morze	c	0	0	0	2.8"
"przedni	c	0	1	0	-4.3"
"spadzisty	c	0	0	0	-1.0"
"psychopata	c	1	-1	0	-2.0"
"niepeĹ‚noletni	c	1	-1	1	-1.0"
"teza	c	1	-1	0	2.0"
"honorowy	m	0	0	0	2.2"
"odwoĹ‚aÄ‡	c	1	-1	2	-5.7"
"potrĂłjny	c	0	-1	0	-2.0"
"zabieg	c	0	1	0	-3.4"
"odlegĹ‚oĹ›Ä‡	c	0	0	2	-0.6"
"materia	c	0	1	0	-0.6"
"nabrzmiaĹ‚y	c	0	1	-1	-1.8"
"wybiÄ‡	m	1	-1	0	-5.4"
"monstrualnie	m	0	0	0	-1.0"
"niedziela	c	1	1	1	1.6"
"wyglÄ…d	c	0	-1	-2	6.3"
"totalnie	m	1	-1	0	-1.0"
"wczeĹ›niak	c	1	-1	0	-2.6"
"udziaĹ‚	c	1	1	0	4.7"
"transport	c	1	1	1	-5.0"
"szczepiÄ‡	c	0	0	2	-1.0"
"ciemnogranatowy	c	0	0	0	-1.0"
"pomoc	c	0	-1	0	7.2"
"zagadkowy	m	1	-1	-1	-1.0"
"rĂłwnoprawny	c	1	1	2	-1.0"
"okropnie	m	1	-1	-1	-4.3"
"nadzwyczajny	c	0	0	0	-2.0"
"ruszaÄ‡	c	1	-1	1	-0.2"
"zmysĹ‚owy	m	1	1	0	4.4"
"przeszywaÄ‡	m	1	-1	-1	-1.0"
"odmienny	m	0	-1	0	2.0"
"przepuklina	c	0	-1	0	-2.6"
"kochany	m	1	1	2	5.2"
"rozterka	c	1	-1	2	-4.9"
"specjalny	c	0	1	0	5.3"
"zmysĹ‚owo	m	0	-1	0	0.5"
"pÄ™kniÄ™ta	c	1	1	0	-1.0"
"przychylny	m	1	1	1	-1.0"
"kwestia	c	0	1	0	-2.4"
"metrowy	m	0	0	0	-1.0"
"niegroĹşny	c	1	-1	0	-5.4"
"zachÄ™caÄ‡	m	1	0	0	2.3"
"toksyczny	m	0	-1	0	-7.0"
"Ĺ›wiatĹ‚o	m	0	-1	0	2.4"
"potwĂłr	c	1	1	-1	-0.0"
"produkt	c	0	0	0	1.5"
"przypadkowy	c	1	-1	-1	-5.0"
"wyjÄ…tkowy	m	1	0	0	1.5"
"bezkarny	m	0	-1	-1	-1.0"
"ryba	c	1	-1	0	-0.4"
"jaskrawy	m	0	0	0	-3.4"
"Ĺ›wiatĹ‚y	c	0	0	-1	0.5"
"zaĹ›lepiÄ‡	m	1	-1	-1	-1.0"
"wspĂłĹ‚czynnik	c	0	0	0	-2.0"
"wyjÄ…tkowo	m	0	0	0	-1.9"
"oĹ›lizgĹ‚y	m	1	-1	-1	-1.0"
"dowolny	m	0	1	0	1.8"
"oczekiwanie	c	1	-1	-1	0.8"
"ziemia	c	0	1	-1	4.9"
"umĂłwiÄ‡	c	1	0	0	-1.2"
"rozpoznawalny	m	0	1	0	-1.0"
"wprowadzaÄ‡	c	0	-1	0	-1.2"
"porĂłwnaÄ‡	c	0	0	0	-1.8"
"utuczyÄ‡	c	1	-1	-2	-1.0"
"Ĺ‚askawy	c	1	1	2	-0.7"
"waĹĽny	m	0	1	0	7.4"
"bĹ‚ysk	c	0	1	0	-5.2"
"duĹĽo	m	1	1	1	4.0"
"odcieĹ„	c	0	1	0	0.4"
"obiektywny	m	0	0	0	-2.9"
"krasnoludek	c	1	-1	-1	-1.0"
"planowaÄ‡	c	0	0	0	-1.6"
"duĹĽy	m	0	-1	0	7.0"
"wzorowy	m	0	1	2	-2.0"
"poczucie	c	1	-1	0	2.6"
"wytrwaĹ‚y	m	1	1	0	-4.0"
"anglia	c	1	1	0	-1.0"
"surowiec	c	1	1	0	0.3"
"podkreĹ›liÄ‡	c	0	1	0	0.6"
"eksploatacja	c	0	0	0	-0.0"
"obserwacja	c	0	1	0	-2.6"
"diagnozowaÄ‡	c	0	0	0	-4.4"
"regularnie	m	0	0	-1	-2.0"
"poturbowaÄ‡	c	1	1	2	-0.0"
"dyskretny	m	1	1	-1	0.5"
"awantura	c	1	-1	2	-4.3"
"sens	c	1	-1	0	5.0"
"nieprzyjemny	c	1	-1	-2	-5.7"
"elementarny	m	0	0	0	-1.5"
"wcale	m	1	-1	-1	2.6"
"sÄ…dziÄ‡	c	1	1	1	1.0"
"srebrny	m	0	0	0	0.4"
"gracz	c	1	-1	0	-6.7"
"alternatywa	c	0	0	1	-0.3"
"zaĹ‚amaÄ‡	c	1	-1	-1	-3.2"
"kilkuletni	c	0	1	-1	-2.0"
"prymityw	c	1	-1	0	-1.0"
"cykl	c	0	0	0	-4.1"
"uszkodzony	c	1	-1	-1	-4.2"
"daleki	m	0	1	-2	3.2"
"obumarĹ‚y	c	0	-1	-1	-2.6"
"daleko	m	0	1	0	4.7"
"obrzydliwie	m	0	0	0	-1.0"
"rzeĹ›ko	m	1	1	1	-1.0"
"zwyciÄ™sko	m	1	-1	0	-3.0"
"sĹ‚owny	m	0	0	0	-0.0"
"sĹ‚uĹĽba	c	1	1	1	3.4"
"obĹ‚udny	m	1	-1	-2	-2.0"
"krĂłtko	c	0	1	0	-0.4"
"michael	c	1	1	0	-1.0"
"nikt	c	1	-1	-2	5.0"
"miÄ™dzyczas	c	0	0	0	-0.0"
"mistrz	c	1	1	0	1.4"
"wizja	c	1	-1	0	2.5"
"lekcja	c	1	-1	1	-1.1"
"kluczowy	m	0	0	0	-7.2"
"warszawa	c	1	1	0	6.4"
"skutek	c	0	-1	0	-6.6"
"karalny	c	1	1	0	-1.0"
"podrodzina	c	0	0	0	-1.0"
"obciÄ…Ä‡	c	1	-1	-1	-2.0"
"baĹ„ka	c	1	-1	0	-2.0"
"trzeci	c	1	0	0	5.4"
"murowany	m	1	-1	0	-0.0"
"podtrzymywaÄ‡	c	0	1	1	-4.0"
"wzrosnÄ…Ä‡	c	0	0	0	-4.4"
"ciemiÄ™	c	1	1	0	-1.0"
"gĹ‚Ăłwny	c	0	0	0	3.6"
"wystawa	c	0	-1	1	4.2"
"miesiÄ™czny	m	0	0	0	-4.0"
"kontrowersyjny	m	1	1	0	-6.5"
"forsowny	m	1	-1	-1	-1.0"
"rzeczywistoĹ›Ä‡	c	1	-1	0	2.0"
"firma	c	0	0	0	5.1"
"wykorzystywaÄ‡	c	1	-1	0	1.2"
"staĹ‚y	m	0	1	0	0.9"
"perfekcyjny	m	0	1	1	-2.0"
"przerĂłĹĽny	c	0	0	0	-3.6"
"niebotycznie	c	0	0	-1	-1.0"
"wykonalny	m	1	1	1	-1.0"
"bliziutko	m	1	-1	0	-1.0"
"tragedia	c	1	1	-1	-2.2"
"rozciÄ…gliwy	m	1	1	1	-1.0"
"zadbaÄ‡	m	1	-1	1	2.9"
"morderstwo	c	0	-1	0	-3.5"
"czÄ™Ĺ›ciowo	c	0	0	0	-3.6"
"woskowaÄ‡	c	0	0	0	-1.0"
"zagroziÄ‡	c	1	-1	-2	-4.7"
"koronkowy	m	0	0	0	-2.0"
"spisaÄ‡	c	0	0	0	-0.0"
"dostrzegalny	m	0	0	0	-2.0"
"kabina	c	0	0	0	1.0"
"odpĹ‚atny	c	1	1	0	-0.0"
"uwypukliÄ‡	c	0	0	0	-1.0"
"czynnik	c	1	1	2	-6.8"
"koszt	c	1	1	2	-2.7"
"rodzice	c	1	-1	-2	3.3"
"wyjaĹ›niÄ‡	c	0	1	0	-2.0"
"profesor	c	0	1	1	0.0"
"papier	c	0	0	0	-0.9"
"estetyczny	m	1	-1	-1	7.6"
"optymalnie	c	0	0	0	-1.0"
"funkcja	c	1	-1	-1	1.2"
"nastolatka	c	0	1	2	-3.2"
"talent	c	1	1	1	2.0"
"torebka	c	1	-1	1	-2.0"
"fajnie	m	1	1	0	1.3"
"dĹ‚ugoĹ›Ä‡	c	0	0	0	-0.1"
"szarlotka	c	0	0	0	-0.0"
"bĹ‚yszczeÄ‡	c	0	-1	0	-2.0"
"zgodny	m	1	1	0	-0.3"
"jedynaczka	c	1	1	0	-1.0"
"muzyka	c	1	-1	0	6.4"
"zachwyciÄ‡	c	1	-1	0	5.7"
"menu	c	0	0	0	3.5"
"czaszka	c	0	-1	-1	-7.7"
"goĹ›Ä‡	c	1	1	1	4.1"
"porzÄ…dek	c	1	0	0	1.3"
"Ĺ‚Ä™czyca	c	1	1	0	-1.0"
"zgrabny	m	1	1	2	3.8"
"stoczek	c	1	1	0	-1.0"
"kebab	c	0	-1	-1	-1.0"
"wspĂłĹ‚praca	c	1	-1	0	-0.5"
"cyniczny	m	1	-1	-2	-1.5"
"potwornie	m	1	-1	-1	-1.8"
"zapaliÄ‡	c	1	-1	0	-2.9"
"substytut	c	0	0	0	-1.0"
"zgoda	c	1	1	2	3.6"
"ustawiÄ‡	c	0	1	0	-2.5"
"hardy	m	1	1	-1	-1.0"
"zasadniczo	c	0	0	0	-0.0"
"motor	c	1	-1	-1	-3.9"
"publikowaÄ‡	c	0	0	0	1.5"
"podraĹĽniÄ‡	c	1	-1	1	-1.0"
"samodzielnie	m	0	1	1	-2.4"
"uczelnia	c	0	1	0	-0.7"
"zupeĹ‚ny	m	1	-1	0	2.4"
"skrajny	m	0	0	-2	-3.3"
"kanaĹ‚	c	1	1	0	-5.6"
"zrelaksowany	m	1	1	1	-2.0"
"gadatliwy	m	1	-1	-1	-2.0"
"przewiewny	m	0	1	-1	-0.0"
"wrÄ™cz	m	1	-1	0	3.4"
"sternik	c	0	0	0	-1.0"
"dopuĹ›ciÄ‡	c	1	-1	0	-5.1"
"prowincjonalny	m	1	-1	-1	-1.6"
"budowa	c	0	0	0	-3.6"
"montowaÄ‡	c	0	1	0	0.3"
"zakĹ‚ĂłciÄ‡	c	0	1	0	-4.6"
"barbarzyĹ„ca	c	1	-1	0	-1.0"
"wgnieĹ›Ä‡	c	0	0	0	-1.0"
"przewidywalny	m	1	0	-1	-3.0"
"wesoĹ‚a	c	1	1	0	-1.0"
"zabroniÄ‡	c	1	-1	-1	-0.5"
"czciÄ‡	c	1	1	2	1.5"
"zaĹĽywaÄ‡	c	0	0	0	-7.0"
"obrÄ…b	c	0	0	0	-1.0"
"spoĹ‚eczeĹ„stwo	c	0	1	0	-0.1"
"najeĹ›Ä‡	m	1	1	2	0.5"
"bĹ‚Ä…d	c	1	1	-1	0.2"
"folder	c	0	0	0	-1.0"
"niewolniczo	m	1	-1	-1	-1.0"
"wesoĹ‚y	m	0	1	2	-1.3"
"chrzeĹ›cijanin	c	0	1	0	-3.1"
"modelka	c	0	0	-1	-0.5"
"homeopatyczny	c	0	-1	0	-1.0"
"biznes	c	1	-1	0	1.0"
"amatorski	m	1	-1	1	1.5"
"antybiotyk	c	1	1	0	-4.6"
"zastÄ…piÄ‡	m	0	0	0	1.4"
"obroĹ„ca	c	1	-1	2	-0.4"
"holandia	c	1	1	0	-1.0"
"pokazywaÄ‡	c	1	0	2	1.5"
"skoĹ›ny	m	0	0	0	-1.0"
"wykazaÄ‡	c	0	1	0	-8.0"
"kosmologia	c	1	0	0	-1.0"
"sĹ‚uchaÄ‡	c	0	-1	0	4.3"
"zarobaczyÄ‡	c	1	-1	0	-1.0"
"zasadny	c	1	1	0	-1.0"
"jÄ™zyk	c	0	0	0	7.2"
"Ĺ‚adnie	m	1	1	2	3.7"
"przewodnik	c	0	1	0	0.3"
"kieĹ‚b	c	0	0	0	-1.0"
"bezzÄ™bny	c	1	-1	0	-1.0"
"reakcja	c	1	-1	0	-8.7"
"panna	c	1	1	1	-0.1"
"interesujÄ…cy	c	1	1	1	3.5"
"zarosnÄ…Ä‡	m	1	-1	-1	-1.0"
"goĹ›cinny	m	0	1	1	1.5"
"koniec	c	0	1	0	5.6"
"jarzÄ™bina	c	0	1	-1	-1.0"
"uczony	m	1	1	0	-2.1"
"sprawdziÄ‡	c	1	1	1	5.9"
"konserwatywny	m	0	-1	1	-3.6"
"palec	c	0	-1	-1	-0.7"
"pĂłĹşno	c	1	1	2	4.0"
"dyspozycja	c	0	1	1	-1.6"
"typowaÄ‡	c	0	0	0	-2.0"
"gitara	c	0	1	0	0.8"
"zaczynaÄ‡	c	1	0	1	4.0"
"wskazaÄ‡	c	0	1	0	-3.1"
"rysuneczek	c	1	0	0	-1.0"
"zsyp	c	1	-1	-1	-1.0"
"zĹ‚oto	c	1	0	1	-0.7"
"wydolny	m	1	1	1	-1.0"
"kamienny	c	0	1	0	-3.5"
"znakomity	m	1	0	-1	4.1"
"mÄ™ĹĽczyzna	c	0	0	0	2.1"
"tĹ‚umaczka	c	1	0	0	-1.0"
"przedĹ‚oĹĽyÄ‡	c	0	0	0	-3.4"
"twarz	c	0	1	0	2.6"
"odmiana	c	0	1	0	-0.1"
"sierpieĹ„	c	0	0	0	1.3"
"obrazoburczy	m	1	-1	-1	-1.0"
"fart	c	0	1	-1	-1.0"
"nacjonalistyczny	m	1	-1	-1	-1.0"
"towar	c	1	-1	0	1.7"
"klan	c	1	1	0	-1.0"
"koleĹĽanka	c	1	1	2	0.8"
"zajÄ™ty	c	0	1	0	-4.4"
"korzystny	m	1	1	0	-2.8"
"uzupeĹ‚niaÄ‡	c	0	0	0	1.5"
"nikczemny	c	1	-1	0	-1.0"
"pozycja	c	0	1	0	1.3"
"dobry	m	0	1	1	9.8"
"skupiÄ‡	c	1	1	1	-2.2"
"interes	c	1	-1	-1	1.9"
"ponadprzeciÄ™tnie	m	1	1	2	-1.0"
"gorzeÄ‡	m	1	1	0	-1.0"
"proces	c	1	1	0	-3.0"
"element	c	1	1	0	-2.1"
"wiÄ™ksza	c	1	1	0	-1.0"
"wypracowaÄ‡	c	0	0	0	1.6"
"dobro	m	1	-1	0	6.6"
"bezwonny	m	0	0	0	-1.0"
"interesowaÄ‡	m	0	0	1	-0.0"
"owĹ‚osiony	m	1	1	1	2.1"
"przyjaĹşĹ„	c	1	1	1	4.2"
"maĹ‚ĹĽeĹ„stwo	c	1	1	0	2.8"
"czĹ‚onkini	c	1	1	1	-1.0"
"pechowy	c	0	0	-1	-3.6"
"poĹĽÄ…dany	m	0	-1	-1	2.8"
"braterski	m	1	1	2	-1.0"
"zaproszenie	c	1	1	2	-1.5"
"zrosiÄ‡	c	1	-1	0	-0.0"
"otwĂłr	c	1	-1	-1	-3.0"
"prowincja	c	1	1	0	-1.0"
"zarzuciÄ‡	c	1	1	0	1.0"
"czasochĹ‚onny	m	1	-1	1	-1.0"
"pojawiaÄ‡	c	0	0	0	2.2"
"uczuliÄ‡	m	1	1	1	-2.6"
"oszczÄ™dny	m	1	-1	1	1.0"
"koniecznie	c	1	1	2	2.0"
"specjalnie	c	0	0	0	0.9"
"korygowaÄ‡	c	1	0	1	-2.6"
"przyjemny	m	1	1	0	1.3"
"znowu	m	1	-1	-1	3.8"
"rozwijaÄ‡	c	1	1	2	4.6"
"lojalny	m	1	-1	2	1.0"
"literalny	m	0	1	0	-1.0"
"zostaÄ‡	c	1	1	-2	4.1"
"wersja	c	0	0	0	1.4"
"anioĹ‚ek	c	0	0	0	1.8"
"koszary	c	1	1	-1	-1.0"
"beztroska	m	1	1	0	-1.5"
"dozwoliÄ‡	c	0	0	0	-1.0"
"pracochĹ‚onny	m	1	1	1	-1.0"
"zapewniÄ‡	c	0	0	0	1.0"
"kleisty	m	0	0	0	-1.0"
"hermetyczny	m	1	1	2	0.5"
"prÄ…d	c	0	1	0	-4.9"
"natychmiastowy	m	0	1	0	-6.0"
"wyjÄ…Ä‡	c	0	0	0	-1.9"
"zaburzyÄ‡	c	0	-1	0	-7.0"
"konkurs	c	0	0	0	10.7"
"ubezpieczenie	c	0	0	0	-1.9"
"dziwnie	m	1	1	-1	-5.0"
"relaks	c	1	1	1	-1.2"
"auto	c	0	0	0	-0.9"
"zaadresowaÄ‡	c	0	1	0	-1.0"
"gĹ‚Ăłwnie	c	0	0	0	-0.1"
"psiak	c	1	1	1	1.0"
"pilny	m	1	-1	0	1.9"
"poetycko	m	1	1	0	-1.0"
"charakter	c	1	-1	0	1.7"
"dekoracja	c	0	1	1	2.3"
"warka	c	0	0	0	0.5"
"sprzÄ™t	c	0	-1	2	-0.0"
"transparent	c	1	1	0	0.5"
"reprezentant	c	0	0	0	2.3"
"granulowaÄ‡	c	0	1	0	-1.0"
"zauwaĹĽalny	m	0	1	0	-0.0"
"zakĹ‚ad	c	1	1	0	-0.4"
"mody	c	1	1	0	-1.0"
"potocki	c	1	1	0	-1.0"
"brutalnie	m	1	-1	-1	-2.0"
"czworak	c	1	1	0	-1.0"
"pomĂłc	c	1	1	1	4.0"
"moda	c	0	0	1	4.3"
"przeĹ‚adowaÄ‡	c	0	0	0	0.5"
"saĹ‚atka	c	1	-1	0	-2.0"
"traktowaÄ‡	c	0	1	2	2.6"
"powaĹĽny	m	1	-1	0	-1.5"
"dokonaÄ‡	c	0	-1	1	0.0"
"gwiazda	c	0	-1	-2	1.9"
"strefa	c	0	1	0	-4.7"
"metr	c	0	0	0	4.4"
"wolno	m	1	-1	0	-1.7"
"wonny	c	1	1	0	1.0"
"podyktowaÄ‡	c	1	-1	-1	0.4"
"rĂłwnowaĹĽny	m	0	0	0	-1.0"
"rozgĹ‚os	c	1	1	2	2.0"
"fizyczny	m	0	1	0	-1.6"
"cisza	c	1	-1	-1	-1.3"
"marionetka	c	0	-1	-1	-2.0"
"silnik	c	0	-1	0	-3.5"
"wolny	m	1	1	0	3.6"
"decydujÄ…cy	c	0	0	0	-3.9"
"zrÄ™czny	m	1	1	2	-1.0"
"optymista	c	1	1	1	-0.0"
"nazwisko	c	1	1	2	1.8"
"wynieĹ›Ä‡	m	0	0	0	0.6"
"nastawiÄ‡	c	0	1	0	0.8"
"widowiskowy	m	1	0	0	-0.0"
"zdjÄ™cie	c	0	0	0	8.2"
"masowy	m	1	1	1	0.6"
"dowolnie	m	1	1	0	-2.6"
"przezroczysty	m	0	0	0	-0.3"
"ĹĽywot	c	1	-1	-1	-2.0"
"oziÄ™bnÄ…Ä‡	c	1	1	0	-2.0"
"blondynek	c	1	1	0	-2.0"
"poczÄ…tkujÄ…cy	c	1	0	0	-2.0"
"wojna	c	0	0	0	1.7"
"podraĹĽniony	c	1	1	0	-3.9"
"pozostaĹ‚y	c	0	0	0	-1.9"
"bezustannie	m	1	-1	-1	-1.0"
"podeprzeÄ‡	c	1	-1	-1	-2.0"
"ĹĽeton	c	0	0	0	-1.0"
"nieuchronny	c	0	0	0	-3.4"
"wykoĹ„czyÄ‡	c	1	-1	-1	-1.5"
"powaĹĽnie	m	0	0	0	-2.0"
"odtwarzacz	c	0	-1	-1	-1.0"
"akceptowaÄ‡	c	0	-1	-1	7.2"
"przeznaczyÄ‡	c	0	0	0	-0.1"
"hojny	c	1	-1	-1	1.5"
"niezaleĹĽnie	c	0	0	0	-0.6"
"czerwony	m	0	0	0	3.2"
"wykĹ‚adowca	c	1	1	1	-2.6"
"beskid	c	1	1	0	-1.0"
"Ĺ›miaĹ‚y	m	1	1	-1	1.0"
"prawdziwy	m	1	1	2	6.5"
"paradoksalny	m	1	-1	0	-2.6"
"optymistyczny	m	1	-1	-1	-2.8"
"rozwĂłj	c	1	1	0	-3.2"
"mrozek	c	1	-1	1	-1.0"
"powidĹ‚o	c	1	1	-2	-1.0"
"zawrzeÄ‡	c	0	0	0	-1.7"
"abstrakcyjny	m	1	-1	-1	0.8"
"zobowiÄ…zywaÄ‡	m	0	-1	0	-2.0"
"komisja	c	0	-1	0	-4.7"
"zakoĹ„czyÄ‡	c	0	0	0	-0.7"
"scena	c	1	1	2	2.7"
"rozĹ›piewaÄ‡	c	1	1	0	-1.0"
"ofiara	c	1	1	0	-2.6"
"zatrzeÄ‡	c	0	-1	-1	-2.6"
"biaĹ‚y	m	1	1	0	5.2"
"monachium	c	1	1	0	-1.0"
"przyzwoliÄ‡	c	0	0	0	-1.0"
"herbata	c	1	-1	0	-0.2"
"druĹĽyna	c	0	0	0	-4.6"
"ĹĽart	c	1	0	0	2.4"
"balowo	m	1	1	0	-1.0"
"prawiczek	c	1	-1	-1	-1.0"
"ziarnisty	m	0	0	0	-1.0"
"wyĹĽyĹ‚owaÄ‡	c	1	-1	-1	-1.0"
"umowy	c	0	0	0	-1.0"
"optymalny	c	0	1	-1	-2.0"
"system	c	1	1	0	-4.4"
"Ĺ›lepy	c	1	-1	0	-6.8"
"zyskaÄ‡	c	0	0	-2	2.4"
"umowa	c	0	0	0	-2.5"
"uznawaÄ‡	c	1	-1	0	-0.0"
"paĹ„stwo	c	0	1	0	2.1"
"bezcenny	c	0	1	0	-1.0"
"termin	c	1	-1	0	-1.5"
"wykonaÄ‡	c	1	-1	-2	4.3"
"rybak	c	1	1	-1	-4.0"
"upokarzaÄ‡	m	1	-1	-1	-3.9"
"niemal	m	1	1	1	0.8"
"sentymentalny	m	1	-1	-1	-2.0"
"blondynka	c	1	1	-1	-2.0"
"kalifornia	c	1	1	0	-1.0"
"windykacja	c	1	0	0	-1.0"
"lublin	c	0	0	0	4.0"
"napaliÄ‡	c	1	1	0	-1.0"
"zasĹ‚uga	c	0	0	2	-0.9"
"jazda	c	1	-1	0	4.0"
"burzowy	c	0	1	0	-1.0"
"udowodniÄ‡	c	1	1	-1	-0.5"
"lista	c	0	0	0	1.8"
"uczuÄ‡	c	1	-1	0	-5.0"
"nieludzki	c	1	-1	-2	-2.0"
"materiaĹ‚	c	0	1	0	2.6"
"bezsporny	m	1	1	0	-2.0"
"kropla	c	1	0	1	-4.1"
"intensywny	m	0	0	0	-3.8"
"drobiazgowy	m	0	0	0	-1.0"
"obowiÄ…zek	c	1	-1	0	4.5"
"objÄ™cie	c	0	1	1	1.5"
"skromny	m	0	0	0	5.5"
"standardowy	c	0	0	0	-2.0"
"zdawaÄ‡	c	1	1	0	0.7"
"uwĹ‚aczajÄ…co	m	1	-1	-2	-1.0"
"genetycznie	m	0	-1	0	-1.0"
"nieskaĹĽony	c	1	1	0	-1.0"
"rekordowy	m	1	-1	-1	-2.0"
"kuchenka	c	1	1	0	-0.0"
"przyjmowaÄ‡	c	0	1	0	2.9"
"wiadomy	m	0	0	1	-0.3"
"fuks	c	0	1	0	-1.0"
"matematyk	c	0	0	-1	-1.0"
"narodowoĹ›Ä‡	c	0	0	0	1.0"
"realizowaÄ‡	c	0	0	0	3.2"
"fatalnie	m	1	1	2	-1.4"
"skorpion	c	0	1	0	-1.0"
"szansa	c	1	-1	0	2.3"
"maluĹ›ki	m	1	1	-1	-1.0"
"seicento	c	0	1	1	-1.0"
"podĹ‚oga	c	1	1	0	-1.7"
"sprawiedliwy	m	1	1	1	-0.2"
"naraĹĽa	c	1	1	0	-1.0"
"sufit	c	0	0	0	-3.4"
"zakĹ‚adka	c	1	-1	1	-0.0"
"winowajca	c	0	0	0	-2.0"
"wyrafinowany	m	1	1	0	2.1"
"toĹĽsamy	c	0	1	0	-1.0"
"muzeum	c	0	0	-1	5.2"
"restauracyjka	c	0	0	0	-0.0"
"tknÄ…Ä‡	m	0	-1	-1	-1.0"
"opiekuĹ„czy	m	1	-1	1	0.3"
"wezyr	c	1	-1	0	-1.0"
"idylliczny	m	1	1	2	-0.0"
"puszysty	m	1	1	1	-0.0"
"formalnie	c	1	0	0	-1.0"
"grudzieĹ„	c	0	0	0	-6.0"
"gmina	c	1	-1	0	-1.5"
"szkoliÄ‡	c	0	1	2	-0.0"
"psychicznie	m	1	1	1	-7.4"
"sekret	c	1	-1	1	0.3"
"totalny	m	1	1	0	2.0"
"odpowiedzialny	m	1	1	0	-5.6"
"skĹ‚adany	c	0	1	-1	-2.0"
"tajny	m	1	1	0	-1.3"
"uczciwy	c	1	1	0	1.5"
"rzym	c	1	1	0	-1.0"
"izolacja	c	1	-1	0	-1.8"
"pojazd	c	0	0	0	1.3"
"rĂłwieĹ„	m	0	0	0	-1.0"
"ulotny	m	1	1	0	-1.0"
"sprawiedliwie	m	1	1	1	-1.0"
"techniczny	m	0	0	0	-0.3"
"zapaleniec	c	1	-1	0	-1.0"
"niezdecydowany	c	1	-1	0	-3.6"
"zĹ‚oĹĽyÄ‡	c	0	-1	-1	-1.3"
"chata	c	1	1	0	-0.6"
"prywatnie	c	1	1	0	-2.6"
"wyrĂłĹĽniaÄ‡	c	0	0	0	-3.4"
"konsumpcyjny	m	0	0	0	1.5"
"bezpodstawny	c	0	1	-1	-1.0"
"Ĺ›rodek	c	0	0	0	2.3"
"gest	c	1	1	0	3.5"
"gestia	c	0	0	0	-1.0"
"mikroskopijny	m	0	0	0	-2.6"
"dokĹ‚adny	m	0	0	0	-1.2"
"zagmatwaÄ‡	m	1	-1	-1	-1.0"
"wrocĹ‚awski	c	0	0	0	-2.0"
"przekazaÄ‡	c	0	0	0	1.7"
"gdynia	c	1	1	0	-1.0"
"oferta	c	1	1	0	-1.4"
"archaiczny	m	1	1	2	2.0"
"poprowadziÄ‡	c	1	0	0	-3.0"
"osadziÄ‡	c	0	-1	0	-2.0"
"dokĹ‚adni	c	1	1	0	-1.0"
"sprzÄ…taÄ‡	c	1	1	0	-3.2"
"debata	c	0	0	0	-5.2"
"obcisĹ‚y	m	1	-1	-1	-1.0"
"rozwiÄ…zania	c	1	1	0	-1.0"
"symetryczny	c	0	-1	0	-0.0"
"nagi	m	1	0	1	-0.1"
"strÄ…k	c	1	0	2	-1.0"
"korzyĹ›Ä‡	c	1	1	1	-0.6"
"zadowoliÄ‡	m	1	-1	-1	-0.7"
"rasa	c	0	-1	0	1.5"
"warunek	c	0	1	0	1.2"
"romantyczny	m	1	-1	-1	8.9"
"wypeĹ‚niÄ‡	c	0	0	0	1.4"
"rewelacyjny	c	1	1	1	-2.0"
"sĹ‚oneczny	m	0	1	0	0.7"
"biegunka	c	1	-1	-1	-5.5"
"zwichnÄ…Ä‡	c	1	-1	-1	-1.0"
"skoĹ„czyÄ‡	m	1	-1	0	0.5"
"jak	m	0	1	1	6.1"
"demokracja	c	1	1	1	1.4"
"nieuczciwy	c	0	1	1	-3.6"
"pulchny	m	1	1	1	-1.0"
"igloopol	c	1	1	0	-1.0"
"przeglÄ…d	c	0	0	1	1.2"
"zabezpieczyÄ‡	c	0	0	0	1.0"
"piÄ™kno	m	1	1	2	10.7"
"ludzko	m	1	1	1	-1.0"
"rozumny	m	1	1	0	1.5"
"dziewczynka	c	1	1	1	-1.9"
"sztuczny	m	1	1	0	-0.3"
"ludzki	m	1	1	-2	2.4"
"autor	c	0	-1	-1	6.0"
"urwaÄ‡	c	0	1	-1	-6.0"
"wzbogacaÄ‡	c	0	1	2	2.1"
"piÄ™Ä‡	c	0	1	0	2.6"
"uchwytny	m	1	1	1	-2.6"
"wiktor	c	0	1	0	-3.8"
"wewnÄ™trznie	m	1	1	1	-2.1"
"informacja	c	0	0	0	-0.7"
"partia	c	0	-1	0	-1.5"
"zaĹ‚oĹĽyÄ‡	c	0	-1	0	1.7"
"sÄ™dzia	c	1	1	1	-7.6"
"pijany	c	1	-1	-2	-3.8"
"pieprzny	m	1	1	0	-1.0"
"oryginalnie	m	1	1	0	-1.0"
"finaĹ‚	c	0	0	1	-1.3"
"czeski	m	1	1	1	-2.5"
"pryncypialny	m	1	-1	-2	-1.0"
"biec	m	1	1	0	-4.8"
"pomysĹ‚	c	0	0	0	5.3"
"bezgraniczny	m	1	1	1	-0.0"
"graf	c	1	1	0	-1.0"
"darmowy	c	1	1	0	0.5"
"tragiczny	m	0	0	0	-5.5"
"dziennik	c	1	1	0	0.1"
"kibic	c	1	1	2	-3.4"
"zabĂłjczy	c	0	-1	-1	-1.6"
"prowokacja	c	1	-1	0	-0.2"
"malarz	c	0	0	0	-0.5"
"fotka	c	0	0	1	-0.0"
"agnieszka	c	1	1	0	-1.0"
"dumny	m	1	1	1	0.2"
"stuprocentowy	c	0	0	0	-1.0"
"doliczaÄ‡	c	0	0	0	-1.0"
"niemiecki	m	1	1	2	0.0"
"refundowaÄ‡	c	0	0	0	-2.0"
"poznaÄ‡	c	0	0	0	4.6"
"pojemnik	c	0	1	0	2.8"
"anegdotyczny	m	1	1	1	-1.0"
"wyraĹşnie	m	1	1	0	-2.9"
"operacja	c	0	1	0	-2.9"
"stuprocentowo	m	0	0	0	-1.0"
"zdrowie	c	0	1	0	4.0"
"nazywaÄ‡	c	1	1	1	4.0"
"bezwiednie	m	1	-1	-1	-4.7"
"staniÄ…tki	c	1	1	0	-1.0"
"mowa	c	0	1	0	1.5"
"legia	c	0	0	0	-1.5"
"realistyczny	m	1	1	0	-0.2"
"zawodny	m	0	1	1	-2.0"
"fizycznie	m	0	0	0	-3.0"
"dziecinny	m	1	1	2	2.1"
"cholernie	m	0	-1	-1	-5.2"
"skrzywdzony	c	1	-1	-2	-4.6"
"artysta	c	1	0	0	8.5"
"wyrazisty	m	1	1	1	-3.3"
"zastygnÄ…Ä‡	m	1	0	-1	-2.0"
"huta	c	0	0	0	-3.9"
"przywiÄ…zaÄ‡	c	1	-1	0	-1.0"
"artystka	c	1	1	1	-1.6"
"zalÄ™kniony	m	1	-1	-2	-1.0"
"serwis	c	0	1	0	0.9"
"koncesja	c	0	-1	1	-2.6"
"przyziemny	m	0	0	-1	-1.0"
"zawodnik	c	0	0	2	-6.9"
"monochromatyczny	m	0	0	0	-1.0"
"caĹ‚ek	c	1	1	0	-1.0"
"nadmiar	c	0	1	-2	-1.1"
"klimatyczny	c	0	0	0	-0.0"
"reformowalny	m	1	1	1	-1.0"
"dziesiÄ™ciokrotny	m	0	0	0	-1.0"
"symulator	c	1	1	0	-1.0"
"kamiennie	m	0	0	0	-1.0"
"rzemieĹ›lnik	c	1	1	-1	1.5"
"drut	c	1	1	0	-3.6"
"schab	c	0	0	0	-1.0"
"sentyment	c	1	-1	2	2.0"
"kotlet	c	1	-1	2	1.0"
"egzotyczny	m	1	1	-1	0.2"
"harmonia	c	1	1	0	2.0"
"sprzedaĹĽÄ…	c	1	1	0	-1.0"
"popierdoliÄ‡	m	1	-1	-2	-1.0"
"sperma	c	0	-1	0	-1.0"
"konkurencyjny	m	1	1	0	-1.8"
"jednoznacznie	m	0	0	0	-1.6"
"tĹ‚umiÄ‡	c	1	-1	0	-6.0"
"nacechowaÄ‡	c	1	1	0	-1.0"
"graÄ‡	c	0	0	0	2.8"
"wyraziÄ‡	c	0	1	0	-0.2"
"przyszĹ‚y	c	0	1	0	-1.7"
"wyprysk	c	0	-1	-1	-1.0"
"stworzenie	c	1	-1	-1	-0.6"
"igĹ‚a	c	0	1	-1	-7.0"
"litoĹ›Ä‡	c	1	1	0	-0.2"
"sara	c	1	1	0	-1.0"
"polka	c	0	0	0	-0.5"
"harmonijny	c	1	1	1	4.0"
"okreĹ›laÄ‡	c	0	0	0	-0.1"
"wyĹ›mienity	c	0	0	0	-0.0"
"orzec	c	1	-1	0	-1.0"
"gaza	c	0	1	0	-2.0"
"willa	c	1	-1	-1	-0.0"
"cena	c	0	0	0	2.7"
"pieniÄ…dz	c	1	1	0	5.6"
"kĹ‚Ăłtliwy	m	1	-1	-1	-2.6"
"przesmaĹĽyÄ‡	c	0	1	0	-1.0"
"ciÄ…ĹĽowy	c	1	1	-1	-2.0"
"Ĺ›wietlisty	m	1	1	0	1.0"
"indianin	c	1	1	0	-1.0"
"dusznoĹ›Ä‡	c	1	-1	0	-4.9"
"wodzisĹ‚aw	c	1	1	0	-1.0"
"kadra	c	0	1	2	-6.0"
"rozpatrywaÄ‡	c	0	0	0	-1.1"
"graĹ„	c	1	1	0	-1.0"
"przedsiÄ™wziÄ™cie	c	1	1	2	-1.6"
"rĂłĹĽowy	m	0	0	0	1.1"
"speĹ‚niÄ‡	c	0	1	1	3.8"
"wykonywaÄ‡	c	0	0	0	0.7"
"zespĂłĹ‚	c	1	1	0	4.8"
"jednostajnie	m	1	-1	-2	-2.0"
"koĹ›Ä‡	c	1	1	0	-5.4"
"zwykle	c	0	0	0	0.5"
"podziemny	c	0	0	0	-0.8"
"pewny	m	1	1	0	8.7"
"rĂłĹĽowo	m	0	0	1	-1.0"
"karmiÄ‡	c	1	-1	0	0.3"
"Ĺ›ciĹ›le	c	0	0	0	-1.2"
"dupa	c	1	-1	0	1.5"
"posĹ‚uszny	c	1	-1	-1	1.0"
"kuzyn	c	1	1	-1	0.5"
"Ĺ›wiadomoĹ›Ä‡	c	0	1	0	0.5"
"natychmiast	m	0	-1	0	-2.9"
"powiÄ…zaÄ‡	c	0	0	0	-4.6"
"diametralnie	c	0	0	0	1.0"
"okazaĹ‚y	m	1	1	1	-1.0"
"kanciasty	m	1	1	-1	-2.0"
"przewaĹĽnie	c	0	-1	0	2.7"
"pĹ‚ock	c	1	1	0	-1.0"
"swobodnie	m	0	-1	-1	-2.4"
"partner	c	1	-1	2	-2.5"
"bezbronny	m	1	-1	-1	-4.2"
"opiÄ…Ä‡	m	1	-1	-1	-1.0"
"facet	c	0	-1	-2	1.6"
"seksualny	m	0	1	0	-6.9"
"gotowy	m	0	1	1	6.6"
"oznaka	c	0	1	2	-6.2"
"odosobniony	c	1	0	0	-3.0"
"zaznaczyÄ‡	c	0	0	0	-1.5"
"przyznaÄ‡	c	0	0	0	3.7"
"dokumentacja	c	0	1	1	0.3"
"tradycyjny	c	0	1	0	1.6"
"kontrofensywa	c	1	1	0	-1.0"
"dzieliÄ‡	c	0	0	0	-0.0"
"piwo	c	0	1	0	0.8"
"boginia	c	0	-1	2	-1.0"
"polityczny	c	0	1	0	-1.2"
"towarzyski	m	1	1	1	0.8"
"astma	c	1	-1	-2	-5.0"
"konkurencja	c	1	1	0	-1.6"
"mieÄ‡	c	0	0	-2	4.3"
"trakt	c	0	0	1	-0.7"
"sumienie	c	1	-1	0	1.6"
"sĹ‚oiczka	c	1	1	0	-1.0"
"skierowaÄ‡	c	1	-1	0	-1.9"
"Ĺ›wietlany	m	1	-1	1	-1.0"
"wĹ‚asnorÄ™cznie	c	1	1	-1	-1.0"
"ĹşrĂłdĹ‚o	c	0	0	0	0.7"
"modlitwa	c	1	1	0	5.6"
"podobno	c	0	0	0	1.4"
"odgĂłrnie	m	1	-1	0	-1.0"
"nieustanny	c	1	1	1	-2.6"
"troskliwie	m	1	1	1	-2.0"
"dzik	m	1	1	0	-1.0"
"mecz	c	1	1	0	-2.3"
"podobny	m	1	-1	0	5.2"
"swojski	m	1	1	2	2.3"
"zszokowaÄ‡	c	1	1	1	-1.0"
"poczuÄ‡	c	1	1	0	1.3"
"decybel	c	0	-1	1	-3.4"
"doĹ‚Ä…czyÄ‡	c	0	1	0	-3.3"
"poprzedni	c	0	0	0	0.1"
"kontakt	c	1	1	0	1.6"
"zapobiegliwy	m	0	0	0	-1.0"
"kolorystyka	c	0	0	0	1.4"
"dwoisty	m	1	-1	-1	-1.0"
"anonsy	c	1	1	0	-1.0"
"wypukĹ‚o	c	1	-1	2	-1.0"
"okrÄ…gĹ‚y	m	0	-1	0	0.8"
"linia	c	0	0	-1	3.4"
"niewielki	c	0	1	-1	-2.0"
"litania	c	1	1	0	-0.0"
"wypukĹ‚y	m	0	1	-1	-2.0"
"syta	m	1	1	0	-1.0"
"obfity	m	0	1	0	-3.6"
"obszerny	m	0	0	0	2.0"
"interia	c	1	1	0	-1.0"
"Ĺ‚askawca	c	1	1	-1	-1.0"
"inteligencja	c	1	1	0	-2.2"
"dylemat	c	1	1	1	-4.1"
"nieskoĹ„czonoĹ›Ä‡	c	1	0	0	-2.4"
"inaczej	m	1	1	-1	4.2"
"legalny	c	0	1	0	-3.0"
"zupeĹ‚nie	m	0	-1	-1	6.4"
"owalny	m	0	1	2	-2.6"
"uczyÄ‡	c	1	1	0	3.0"
"czÄ…stka	c	1	1	0	-3.0"
"szekspir	c	1	1	0	-1.0"
"postÄ™powy	m	1	1	2	-1.0"
"wycieczka	c	1	1	0	3.6"
"marginalny	m	1	-1	-1	-1.0"
"gĂłra	c	1	0	0	6.0"
"nieobecny	m	1	-1	0	-2.0"
"piasek	c	0	0	-1	0.8"
"piec	c	0	-1	0	2.6"
"zaleciÄ‡	c	0	-1	-1	-3.0"
"profesjonalny	m	0	-1	0	1.0"
"historia	c	1	0	0	5.5"
"cecha	c	1	1	2	2.4"
"prognoza	c	1	1	1	-3.0"
"nadmorski	c	0	1	0	-0.0"
"grafika	c	1	1	2	1.0"
"pies	c	1	1	-2	3.6"
"wesoĹ‚o	c	0	0	1	1.5"
"nieugiÄ™ty	c	1	1	-1	-1.0"
"sprawa	c	0	0	0	1.4"
"tydzieĹ„	c	1	1	0	1.7"
"rĂłĹĽnie	c	1	-1	0	-0.5"
"realizacja	c	0	0	0	0.7"
"sofa	c	0	-1	0	-2.6"
"dziesiÄ™ciokrotnie	m	0	0	0	-1.0"
"dalba	c	1	1	2	-1.0"
"oschnÄ…Ä‡	m	1	-1	0	-2.0"
"przeĹ‚oĹĽony	c	1	-1	0	-6.0"
"zawikĹ‚aÄ‡	m	1	-1	-2	-1.0"
"chroniÄ‡	c	1	-1	0	-2.8"
"powoĹ‚aÄ‡	c	0	1	1	1.1"
"gniazdo	c	1	1	1	-0.5"
"kasa	c	1	-1	0	-0.1"
"podpisaÄ‡	c	0	-1	0	-2.2"
"mÄ…dry	m	1	1	2	3.4"
"optymistycznie	m	1	-1	-1	-0.0"
"magnat	c	1	1	0	-1.0"
"spostrzegawczy	m	1	1	1	-1.0"
"niewypĹ‚acalny	c	0	0	0	-1.0"
"poĹ‚oĹĽyÄ‡	c	0	1	1	2.3"
"skrÄ™ciÄ‡	c	1	1	1	-4.8"
"pĹ‚aciÄ‡	c	0	0	0	1.4"
"mobilny	m	1	1	-1	-1.0"
"zakazany	c	0	0	0	-1.0"
"kluczyk	c	0	-1	-1	-0.0"
"podejrzeÄ‡	c	1	1	0	-1.0"
"Ĺ›lepo	c	1	-1	0	-2.6"
"peter	c	1	1	0	-1.0"
"wyemancypowaÄ‡	m	1	1	1	-1.0"
"wieczny	m	1	1	0	2.2"
"kolonia	c	1	0	-1	1.0"
"podzieliÄ‡	c	0	0	0	1.2"
"umieraÄ‡	c	1	-1	-1	-1.7"
"nieszczelny	c	0	1	0	-1.0"
"wyĹ›cig	c	1	0	0	-0.0"
"narcystyczny	m	1	-1	-2	-1.0"
"utrzymaÄ‡	c	0	1	0	0.9"
"monotonny	m	0	-1	-1	-2.7"
"resztka	c	0	-1	0	-3.1"
"bardzo	m	0	-1	0	2.8"
"sponsorowaÄ‡	c	0	-1	0	-1.0"
"sygnaĹ‚	c	1	1	0	-8.4"
"wyobraĹĽalny	m	0	0	0	-1.0"
"ilustracja	c	0	0	0	2.1"
"piÄ™kny	m	1	1	-2	13.7"
"pejoratywny	c	1	0	0	-0.0"
"mokry	m	1	-1	-1	-2.9"
"regulamin	c	0	0	0	0.3"
"pakiet	c	0	-1	-1	-5.4"
"pobĹ‚aĹĽliwy	m	1	-1	-1	-2.0"
"bezczelnie	m	1	-1	-2	-1.0"
"popularny	m	1	0	0	1.8"
"stanowczy	m	0	1	0	-4.8"
"przepisowy	m	0	0	0	-1.0"
"spokĂłj	c	1	1	1	0.7"
"zosia	c	1	1	0	-1.0"
"odessa	c	1	1	0	-1.0"
"etap	c	0	-1	0	-6.0"
"kupno	c	0	-1	0	-0.0"
"wyĹ›wietlaÄ‡	c	0	0	0	-2.5"
"konkretny	m	0	1	0	1.5"
"teutoĹ„ski	m	0	0	0	-1.0"
"Ĺ›piÄ…czka	c	0	0	0	-1.0"
"rozwiÄ…zĹ‚y	m	1	-1	-2	-1.0"
"koleĹ›	c	1	-1	0	-2.0"
"agencja	c	1	-1	0	-8.5"
"krÄ™g	c	0	0	0	-0.9"
"przeprowadziÄ‡	c	0	1	0	-0.8"
"suknia	c	0	0	0	-2.1"
"podium	c	0	1	0	-0.0"
"placĂłwka	c	0	1	0	-1.3"
"krÄ™t	m	0	0	0	-1.0"
"wszÄ™dzie	m	1	0	-1	1.4"
"zadufany	m	1	-1	-1	-1.0"
"bezpiecznie	m	0	-1	1	1.8"
"dopasowaÄ‡	c	0	0	0	-1.6"
"drzazga	c	0	-1	-2	-3.9"
"przebudowa	c	0	1	1	-0.7"
"przenieĹ›Ä‡	c	0	0	0	1.5"
"uciec	c	1	1	0	-2.2"
"wszystko	m	1	0	2	6.9"
"rĂłĹĽniÄ‡	m	1	0	0	2.3"
"dzielnica	c	1	1	0	0.5"
"zadziwiaÄ‡	m	1	1	-1	-0.0"
"nawiedzony	c	1	1	0	1.0"
"sadystyczny	m	1	-1	-2	-2.0"
"kiepsko	m	1	-1	-1	-4.2"
"odczuwalny	m	1	1	0	-2.6"
"silnia	m	0	1	0	-0.0"
"gazeta	c	0	0	0	-2.0"
"ciekĹ‚y	c	0	0	0	-1.0"
"prywatyzacja	c	1	1	1	-6.0"
"rodzina	c	0	0	0	3.3"
"oczytany	m	1	1	1	-0.0"
"jakikolwiek	c	0	1	0	0.1"
"pewnie	m	0	1	0	5.5"
"koleĹĽeĹ„ski	m	1	1	1	-1.6"
"koĹ‚acz	c	0	-1	-1	-1.0"
"adres	c	0	-1	0	1.6"
"kapusta	c	1	1	0	-0.0"
"szafirowy	m	0	0	0	-1.0"
"policjant	c	1	-1	0	-4.4"
"przedĹ‚uĹĽyÄ‡	c	1	1	0	-5.0"
"niewinny	m	1	-1	-1	2.4"
"rozpoznawaÄ‡	c	0	1	0	-1.4"
"wybraÄ‡	c	0	-1	0	5.6"
"niesamowity	m	1	1	2	6.8"
"legenda	c	1	-1	0	3.2"
"kazuistyczny	m	1	-1	-1	-1.0"
"organizowaÄ‡	c	0	0	0	4.9"
"wyjÄ…tki	c	1	1	0	-1.0"
"dumpingowy	m	1	1	-1	-1.0"
"Ĺ›lep	m	0	-1	-1	1.0"
"luĹşny	m	1	-1	-1	-3.6"
"astry	c	1	1	0	-1.0"
"pytanie	c	1	1	0	0.3"
"konwencjonalny	m	1	1	-1	1.5"
"wegetarianin	c	1	1	2	-0.0"
"prawidĹ‚owy	c	0	-1	1	-5.4"
"przestawiÄ‡	c	1	0	1	-2.0"
"urodziny	c	1	-1	-1	9.3"
"usprawiedliwiÄ‡	c	1	0	1	-0.5"
"pojÄ™cie	c	1	0	0	3.7"
"zrealizowaÄ‡	c	0	0	0	3.3"
"rÄ™czny	c	1	1	0	-2.0"
"napis	c	1	1	-1	3.7"
"karta	c	0	0	0	-3.0"
"zakaz	c	0	1	0	-2.8"
"nadaÄ‡	c	1	1	0	2.1"
"poprzeÄ‡	c	0	0	1	-0.8"
"formalistyczny	m	1	-1	-1	-1.0"
"zabarwiÄ‡	c	1	-1	0	-1.0"
"transportowy	c	0	1	0	-1.0"
"jajeczny	c	0	0	0	-1.0"
"invest	c	1	1	0	-1.0"
"odrobiÄ‡	c	1	1	2	-3.0"
"problem	c	0	1	0	-0.7"
"sĹ‚ynny	c	1	1	1	2.3"
"niemiec	c	0	1	0	-1.5"
"cukierkowaty	m	1	-1	-2	-1.0"
"powtarzaÄ‡	c	1	1	0	-1.7"
"roszczenie	c	0	-1	1	-3.0"
"wystawiÄ‡	c	1	1	0	-1.3"
"gĹ‚Ä™boko	m	1	1	1	-0.3"
"bezzapachowy	m	0	0	0	-1.0"
"masywny	m	1	1	0	-1.0"
"oszustwo	c	1	-1	-1	-1.6"
"ryzyko	c	0	0	0	-3.0"
"pozytywny	m	1	1	0	0.7"
"uwieczniÄ‡	c	0	0	0	-0.0"
"inteligentny	m	1	1	1	1.2"
"srebro	c	0	-1	-1	-3.6"
"Ä‡wiczenie	c	1	0	0	-4.9"
"znaleĹşÄ‡	c	0	0	0	6.4"
"ideaĹ‚	c	0	-1	1	5.9"
"rekompensata	c	0	0	0	-0.0"
"artykuĹ‚	c	0	0	0	-0.8"
"jaglany	c	1	-1	0	-1.0"
"monopolista	c	0	1	0	-1.0"
"medialny	m	1	-1	0	-5.2"
"egoistyczny	m	1	-1	-1	-4.2"
"rĂłwnaÄ‡	m	0	0	0	-3.0"
"koĹ„cĂłwka	c	0	0	0	-5.9"
"draĹĽliwy	m	1	1	1	-6.0"
"nadjeĹĽdĹĽaÄ‡	c	1	-1	-1	-2.6"
"zwykĹ‚y	c	1	1	0	-0.1"
"mÄ™ĹĽatka	c	0	1	0	-2.0"
"star	m	0	-1	0	-1.0"
"szczawnica	c	1	1	0	-1.0"
"ponÄ™tny	m	1	1	1	-0.0"
"sypialnia	c	0	1	-2	-2.6"
"sobota	c	1	-1	2	0.5"
"stylista	c	1	1	-1	-1.0"
"stan	c	0	0	0	-0.4"
"niepogoda	c	0	1	1	-1.0"
"stal	m	0	0	0	-4.6"
"chmieliÄ‡	m	0	0	0	-1.0"
"przesiÄ…knÄ…Ä‡	m	1	1	-1	-2.0"
"pochwaĹ‚a	c	0	0	0	-0.5"
"zamachowiec	c	1	-1	0	-2.6"
"szpak	c	1	1	1	-0.0"
"kolec	c	0	-1	0	-4.5"
"porÄ™czyÄ‡	c	1	-1	0	-1.0"
"automatyczny	m	0	0	0	-2.0"
"klasa	c	0	0	0	3.3"
"krzywy	c	0	1	0	-1.0"
"uĹĽyÄ‡	c	1	0	0	-1.8"
"drugi	m	0	0	-2	6.4"
"podatny	m	1	1	1	-4.4"
"osamotniÄ‡	c	1	-1	-1	-2.0"
"prosiÄ‡	c	0	0	0	5.2"
"oskarĹĽyciel	c	1	1	0	-2.0"
"spalaÄ‡	c	0	-1	1	1.1"
"przyzwoity	c	0	1	0	-1.0"
"niebezpieczeĹ„stwo	c	1	-1	-1	-3.0"
"wezwaÄ‡	c	1	1	0	-4.9"
